date,cn_3m_interbank,cn_cpi_yoy,cn_gdp_growth,cn_leading_index,cn_m2_yoy,cn_pmi_manufacturing,cn_pmi_services,cn_ppi_yoy,cn_real_fx_index,cn_real_gdp,cn_unemployment,usdcny
2010-01-01,1.85,0.015,112.2,102.226713968369,26.0,55.8,58.1,104.3,78.87,,,6.8268
2010-02-01,1.94,0.027,112.2,102.128899595821,25.5,52.0,57.0,105.4,80.87,,,6.8258
2010-03-01,1.91,0.024,112.2,101.902551101384,22.5,55.1,57.3,105.9,79.7,,,6.8258
2010-04-01,1.73,0.0279999999999999,110.7,101.580779743814,21.5,55.7,57.8,106.8,79.66,,,6.8247
2010-05-01,2.02,0.0309999999999999,110.7,101.208497147514,21.0,53.9,58.1,107.1,81.68,,,6.8305
2010-06-01,3.69,0.029,110.7,100.85352379996,18.5,52.1,58.8,106.4,82.08,,,6.7815
2010-07-01,2.48,0.0329999999999999,109.9,100.581888207016,17.6,51.2,57.1,104.8,81.18,,,6.7735
2010-08-01,2.44,0.035,109.9,100.433252688005,19.2,51.7,58.0,104.3,80.35,,,6.8069
2010-09-01,2.56,0.0359999999999999,109.9,100.413808763968,19.0,53.8,57.9,104.3,80.33,,,6.6905
2010-10-01,2.75,0.044,109.9,100.501769518502,19.3,54.7,57.4,105.0,79.14,,,6.6707
2010-11-01,3.38,0.0509999999999999,109.9,100.650778419469,19.5,55.2,58.9,106.1,80.68,,,6.667
2010-12-01,4.94,0.0459999999999999,109.9,100.81991408356,19.7,53.9,58.8,105.9,81.71,,,6.6
2011-01-01,4.98,0.049,110.1,100.985531144943,17.2,52.9,57.2,106.6,81.99,100490.0,,6.6017
2011-02-01,4.84,0.049,110.1,101.129571331149,15.7,52.2,57.0,107.2,82.42,100490.0,,6.5713
2011-03-01,4.02,0.054,110.1,101.234456114779,16.6,53.4,59.2,107.3,81.13,100490.0,,6.5483
2011-04-01,3.94,0.0529999999999999,109.9,101.281347852285,15.3,52.9,58.2,106.8,80.21,112089.8,,6.49
2011-05-01,4.24,0.055,109.9,101.259573315108,15.1,52.0,58.7,106.8,80.34,112089.8,,6.4786
2011-06-01,5.91,0.064,109.9,101.161313565018,15.9,50.9,56.6,107.1,80.6,112089.8,,6.4635
2011-07-01,5.89,0.065,109.3,100.994181692064,14.7,50.7,57.3,107.5,80.86,117167.9,,6.436
2011-08-01,5.19,0.062,109.3,100.771007970767,13.6,50.9,57.1,107.3,81.52,117167.9,,6.3778
2011-09-01,5.69,0.0609999999999999,109.3,100.523879875664,13.0,51.2,55.8,106.5,84.12,117167.9,,6.378
2011-10-01,5.67,0.055,108.7,100.275207525181,12.9,50.4,55.5,105.0,85.16,129175.6,,6.3547
2011-11-01,5.73,0.042,108.7,100.054363237165,12.7,49.0,55.9,102.7,85.72,129175.6,,6.3765
2011-12-01,5.57,0.0409999999999999,108.7,99.8830586569607,13.6,50.3,56.3,101.7,87.04,129175.6,,6.2939
2012-01-01,6.8,0.045,108.1,99.7733960367302,12.4,50.5,55.7,100.7,88.27,108621.0,,6.308
2012-02-01,5.36,0.032,108.1,99.7061591828744,13.0,51.0,57.3,100.0,87.06,108621.0,,6.2935
2012-03-01,4.72,0.0359999999999999,108.1,99.6515894168192,13.4,53.1,58.0,99.7,87.26,108621.0,,6.2975
2012-04-01,4.37,0.034,107.7,99.6096781836438,12.8,53.3,56.1,99.3,87.13,120674.3,,6.279
2012-05-01,4.04,0.03,107.7,99.5923771373934,13.2,50.4,55.2,98.6,87.87,120674.3,,6.3684
2012-06-01,3.7,0.022,107.7,99.6005178045039,13.6,50.2,56.7,97.9,87.74,120674.3,,6.353
2012-07-01,3.46,0.0179999999999999,107.5,99.6327656119649,13.9,50.1,55.6,97.1,87.67,126004.9,,6.361
2012-08-01,3.59,0.02,107.5,99.6913096558127,13.5,49.2,56.3,96.5,87.32,126004.9,,6.3484
2012-09-01,4.12,0.019,107.5,99.7818573949945,14.8,49.8,53.7,96.4,86.63,126004.9,,6.2848
2012-10-01,3.78,0.017,108.1,99.9173159882828,14.1,50.2,55.5,97.2,86.83,139684.4,,6.2372
2012-11-01,3.82,0.02,108.1,100.096628846047,13.9,50.6,55.6,97.8,88.35,139684.4,,6.2265
2012-12-01,3.97,0.025,108.1,100.311409208338,13.8,50.6,56.1,98.1,88.61,139684.4,,6.2301
2013-01-01,3.77,0.02,107.9,100.539431203903,15.9,50.4,56.2,98.4,89.85,117211.9,,6.2186
2013-02-01,3.71,0.032,107.9,100.736162835846,15.2,50.1,54.5,98.4,91.33,117211.9,,6.2213
2013-03-01,3.52,0.0209999999999999,107.9,100.883172698303,15.7,50.9,55.6,98.1,91.61,117211.9,,6.2108
2013-04-01,3.63,0.024,107.6,100.980060495095,16.1,50.6,54.5,97.4,92.51,129822.0,,6.1647
2013-05-01,3.84,0.0209999999999999,107.6,101.044197938319,15.8,50.8,54.3,97.1,93.3,129822.0,,6.134
2013-06-01,6.65,0.027,107.6,101.097666704077,14.0,50.1,53.9,97.3,93.32,129822.0,,6.1374
2013-07-01,5.09,0.027,107.9,101.149916942293,14.5,50.3,54.1,97.7,94.11,136015.8,,6.1284
2013-08-01,5.4,0.0259999999999999,107.9,101.200647721529,14.7,51.0,53.9,98.4,94.16,136015.8,,6.1193
2013-09-01,5.58,0.0309999999999999,107.9,101.236484938506,14.2,51.1,55.4,98.7,94.43,136015.8,,6.12
2013-10-01,5.14,0.032,107.7,101.240838397896,14.3,51.4,56.3,98.5,93.41,150436.9,,6.0943
2013-11-01,6.43,0.03,107.7,101.198430966657,14.2,51.4,56.0,98.6,94.56,150436.9,,6.0922
2013-12-01,6.96,0.025,107.7,101.10494276873,13.6,51.0,54.6,98.6,95.41,150436.9,,6.0537
2014-01-01,6.76,0.025,107.6,100.963417401878,13.2,50.5,53.4,98.4,97.23,126096.9,,6.059
2014-02-01,5.14,0.02,107.6,100.79725731289,13.3,50.2,55.0,98.0,97.16,126096.9,,6.1448
2014-03-01,4.84,0.024,107.6,100.624497808139,12.1,50.3,54.5,97.7,94.28,126096.9,,6.2164
2014-04-01,4.64,0.0179999999999999,107.7,100.46296010662,13.2,50.4,54.8,98.0,92.18,139762.7,,6.2591
2014-05-01,4.5,0.025,107.7,100.322175160333,13.4,50.8,55.5,98.6,91.67,139762.7,,6.2471
2014-06-01,4.59,0.0229999999999999,107.7,100.205049449963,14.7,51.0,55.0,98.9,91.67,139762.7,,6.2036
2014-07-01,4.57,0.0229999999999999,107.3,100.117264540912,13.5,51.7,54.2,99.1,92.19,145915.4,,6.1737
2014-08-01,4.47,0.02,107.3,100.061888686811,12.8,51.1,54.4,98.8,93.75,145915.4,,6.143
2014-09-01,4.44,0.0159999999999999,107.3,100.028884368758,12.9,51.1,54.0,98.2,96.0,145915.4,,6.138
2014-10-01,4.26,0.0159999999999999,107.4,100.025414907164,12.6,50.8,53.8,97.8,97.52,161515.0,,6.1124
2014-11-01,4.22,0.014,107.4,100.054357859936,12.3,50.3,53.9,97.3,99.67,161515.0,,6.1429
2014-12-01,5.22,0.015,107.4,100.115396567524,12.2,50.1,54.1,96.7,100.87,161515.0,,6.2046
2015-01-01,4.98,0.0079999999999999,107.1,100.186998815857,10.8,49.8,53.7,95.7,102.57,134991.8,,6.2495
2015-02-01,5.41,0.014,107.1,100.260294070708,12.5,49.9,53.9,95.2,104.13,134991.8,,6.2695
2015-03-01,5.18,0.014,107.1,100.328960913616,11.6,50.1,53.7,95.4,104.98,134991.8,,6.199
2015-04-01,4.1,0.015,107.1,100.361255723563,10.1,50.1,53.4,95.4,104.37,149632.2,,6.2018
2015-05-01,3.11,0.012,107.1,100.305700857962,10.8,50.2,53.2,95.4,103.01,149632.2,,6.198
2015-06-01,3.35,0.014,107.1,100.144534919325,11.8,50.2,53.8,95.2,103.64,149632.2,,6.2
2015-07-01,3.21,0.0159999999999999,107.0,99.9130709942486,13.3,50.0,53.9,94.6,105.26,156060.3,,6.2097
2015-08-01,3.05,0.02,107.0,99.6718072875044,13.3,49.7,53.4,94.1,104.78,156060.3,,6.376
2015-09-01,3.16,0.0159999999999999,107.0,99.468386467666,13.1,49.8,53.4,94.1,104.72,156060.3,,6.3556
2015-10-01,3.19,0.0129999999999999,106.9,99.3333065236684,13.5,49.8,53.1,94.1,103.77,172630.8,,6.318
2015-11-01,3.06,0.015,106.9,99.2557460117686,13.7,49.6,53.6,94.1,105.4,172630.8,,6.3883
2015-12-01,2.97,0.0159999999999999,106.9,99.2054755185897,13.3,49.7,54.4,94.1,104.87,172630.8,,6.4778
2016-01-01,3.19,0.0179999999999999,106.8,99.1774161535592,14.0,49.4,53.5,94.7,104.47,165118.1,,6.5752
2016-02-01,2.95,0.0229999999999999,106.8,99.1849551117456,13.3,49.0,52.7,95.1,105.45,165118.1,,6.5525
2016-03-01,2.77,0.0229999999999999,106.8,99.2304433963279,13.4,50.2,53.8,95.7,103.66,165118.1,,6.448
2016-04-01,2.95,0.0229999999999999,106.7,99.3046046106824,12.8,50.1,53.5,96.6,101.74,183371.5,,6.4738
2016-05-01,2.89,0.02,106.7,99.4010777368982,11.8,50.1,53.1,97.2,100.94,183371.5,,6.5798
2016-06-01,2.87,0.019,106.7,99.5249985162702,11.8,50.0,53.7,97.4,99.33,183371.5,,6.6459
2016-07-01,2.87,0.0179999999999999,106.7,99.6766933376804,10.2,49.9,53.9,98.3,98.34,192174.4,,6.6371
2016-08-01,2.77,0.0129999999999999,106.7,99.8434967043189,11.4,50.4,53.5,99.2,97.62,192174.4,,6.6776
2016-09-01,2.81,0.019,106.7,100.022322293398,11.5,50.4,53.7,100.1,97.96,192174.4,,6.6685
2016-10-01,2.91,0.0209999999999999,106.8,100.194182712523,11.6,51.2,54.0,101.2,97.77,209433.4,,6.7735
2016-11-01,3.35,0.0229999999999999,106.8,100.34411253838,11.4,51.7,54.7,103.3,98.32,209433.4,,6.8837
2016-12-01,4.77,0.0209999999999999,106.8,100.458311660116,11.3,51.4,54.5,105.5,99.19,209433.4,,6.943
2017-01-01,4.57,0.025,107.0,100.538480708905,11.3,51.3,54.6,106.9,99.59,176649.8,,6.8768
2017-02-01,5.51,0.0079999999999999,107.0,100.590097123808,11.1,51.6,54.2,107.8,98.62,176649.8,,6.8665
2017-03-01,4.86,0.009,107.0,100.620604467086,10.6,51.8,55.1,107.6,97.28,176649.8,,6.8832
2017-04-01,4.4,0.012,107.0,100.64372863001,10.5,51.2,54.0,106.4,96.45,196116.2,,6.89
2017-05-01,4.86,0.015,107.0,100.670156624868,9.6,51.2,54.5,105.5,95.7,196116.2,,6.8098
2017-06-01,5.13,0.015,107.0,100.702929281736,9.4,51.7,54.9,105.5,95.96,196116.2,,6.7793
2017-07-01,4.35,0.014,106.9,100.730055519688,9.2,51.4,54.5,105.5,96.06,205362.6,,6.724
2017-08-01,4.48,0.0179999999999999,106.9,100.737039837365,8.9,51.7,53.4,106.3,96.64,205362.6,,6.5888
2017-09-01,4.59,0.0159999999999999,106.9,100.711400463722,9.2,52.4,55.4,106.9,97.94,205362.6,,6.6533
2017-10-01,4.7,0.019,106.8,100.648251127118,8.8,51.6,54.3,106.9,98.2,223659.8,,6.6328
2017-11-01,4.76,0.017,106.8,100.548102327411,9.1,51.8,54.8,105.8,98.1,223659.8,,6.609
2017-12-01,5.55,0.0179999999999999,106.8,100.416630010127,8.2,51.6,55.0,104.9,98.27,223659.8,,6.5063
2018-01-01,4.85,0.015,106.9,100.275912427741,8.6,51.3,55.3,104.3,99.17,188926.3,5.0,6.2841
2018-02-01,4.49,0.029,106.9,100.135327613569,8.8,50.3,54.4,103.7,101.54,188926.3,5.0,6.328
2018-03-01,4.8,0.0209999999999999,106.9,99.998808612327,8.2,51.5,54.6,103.1,100.03,188926.3,5.1,6.2726
2018-04-01,4.37,0.0179999999999999,106.9,99.8553926443681,8.3,51.4,54.8,103.4,100.28,209673.7,4.9,6.3325
2018-05-01,4.54,0.0179999999999999,106.9,99.6896505814032,8.3,51.9,54.9,104.1,100.91,209673.7,4.8,6.4096
2018-06-01,4.63,0.019,106.9,99.4902628952511,8.0,51.5,55.0,104.7,100.23,209673.7,4.8,6.6171
2018-07-01,3.93,0.0209999999999999,106.7,99.261972235771,8.5,51.2,54.0,104.6,97.34,219079.5,5.1,6.8038
2018-08-01,3.23,0.0229999999999999,106.7,99.0213318007538,8.2,51.3,54.2,104.1,96.47,219079.5,5.0,6.83
2018-09-01,3.12,0.025,106.7,98.7847244374121,8.3,50.8,54.9,103.6,97.02,219079.5,4.9,6.868
2018-10-01,3.22,0.025,106.5,98.5544645657878,8.0,50.2,53.9,103.3,96.64,238292.3,4.9,6.9737
2018-11-01,3.37,0.022,106.5,98.3461916546689,8.0,50.0,53.4,102.7,96.6,238292.3,4.8,6.9558
2018-12-01,3.87,0.019,106.5,98.1828913949906,8.1,49.4,53.8,100.9,97.48,238292.3,4.9,6.8755
2019-01-01,3.24,0.017,106.4,98.0982035398001,8.4,49.5,54.7,100.1,98.3,201017.6,5.1,6.6958
2019-02-01,2.91,0.015,106.4,98.1053574723698,8.0,49.2,54.3,100.1,100.27,201017.6,5.3,6.6912
2019-03-01,3.08,0.0229999999999999,106.4,98.1861582867518,8.6,50.5,54.8,100.4,100.14,201017.6,5.2,6.7112
2019-04-01,3.0,0.025,106.1,98.3057260452741,8.5,50.1,54.3,100.9,99.84,222389.6,5.0,6.7347
2019-05-01,3.15,0.027,106.1,98.4351381038844,8.5,49.4,54.3,100.6,98.37,222389.6,5.0,6.9027
2019-06-01,3.6,0.027,106.1,98.5664061133447,8.5,49.4,54.2,100.0,96.94,222389.6,5.1,6.865
2019-07-01,3.16,0.0279999999999999,106.0,98.6801566200073,8.1,49.7,53.7,99.7,97.57,232153.3,5.3,6.8833
2019-08-01,3.11,0.0279999999999999,106.0,98.7670948225772,8.2,49.5,53.8,99.2,96.48,232153.3,5.2,7.1543
2019-09-01,3.3,0.03,106.0,98.8315323612566,8.4,49.8,53.7,98.8,96.62,232153.3,5.2,7.1477
2019-10-01,3.46,0.0379999999999999,105.9,98.8891305213626,8.4,49.3,52.8,98.4,97.33,252346.2,5.1,7.0379
2019-11-01,3.33,0.045,105.9,98.9676282753398,8.2,50.2,54.4,98.6,98.72,252346.2,5.1,7.0308
2019-12-01,3.49,0.045,105.9,99.0794755204077,8.7,50.2,53.5,99.5,98.4,252346.2,5.2,6.9618
2020-01-01,3.67,0.054,93.2,95.03283716724,8.4,50.0,54.1,100.1,100.32,187417.1,5.3,6.9161
2020-02-01,2.98,0.052,93.2,87.1035629501448,8.8,35.7,29.6,99.6,101.85,187417.1,6.2,6.9906
2020-03-01,2.55,0.0429999999999999,93.2,85.5821570241773,10.1,52.0,52.3,98.5,101.37,187417.1,5.9,7.0808
2020-04-01,2.32,0.0329999999999999,103.2,92.0096786507414,11.1,50.8,53.2,96.9,101.11,229396.0,6.0,7.0622
2020-05-01,2.13,0.024,103.2,95.6343482939589,11.1,50.6,53.6,96.3,99.36,229396.0,5.9,7.1348
2020-06-01,2.54,0.025,103.2,98.9636718228247,11.1,50.9,54.4,97.0,97.5,229396.0,5.7,7.0651
2020-07-01,2.76,0.027,104.9,99.9281760677317,10.7,51.1,54.2,97.6,98.1,243567.3,5.7,6.9744
2020-08-01,2.97,0.024,104.9,100.960030817163,10.4,51.0,55.2,98.0,98.05,243567.3,5.6,6.8474
2020-09-01,2.99,0.017,104.9,101.955037687707,10.9,51.5,55.9,97.9,99.98,243567.3,5.4,6.7896
2020-10-01,3.18,0.005,106.5,102.279541925033,10.5,51.4,56.2,97.9,100.65,268766.9,5.3,6.6919
2020-11-01,3.56,-0.005,106.5,102.496451766516,10.7,52.1,56.4,98.5,100.91,268766.9,5.2,6.576
2020-12-01,3.33,0.002,106.5,102.59020092365,10.1,51.9,55.7,99.6,100.78,268766.9,5.2,6.525
2021-01-01,3.01,-0.0029999999999999,118.9,102.569725283774,9.4,51.3,52.4,100.3,101.71,251564.0,5.4,6.4282
2021-02-01,3.25,-0.002,118.9,102.426420145439,10.1,50.6,51.4,101.7,103.21,251564.0,5.5,6.473
2021-03-01,3.07,0.004,118.9,102.183436449069,9.4,51.9,56.3,104.4,103.06,251564.0,5.3,6.5518
2021-04-01,2.82,0.009,108.1,101.867038377681,8.1,51.1,54.9,106.8,101.77,273519.5,5.1,6.4749
2021-05-01,2.84,0.0129999999999999,108.1,101.498733458408,8.3,51.0,55.2,109.0,101.54,273519.5,5.0,6.3674
2021-06-01,2.93,0.0109999999999999,108.1,101.096331265928,8.6,50.9,53.5,108.8,101.54,273519.5,5.0,6.4566
2021-07-01,2.82,0.01,105.5,100.686443330877,8.3,50.4,53.3,109.0,102.48,285059.2,5.1,6.4609
2021-08-01,2.86,0.0079999999999999,105.5,100.299151213393,8.2,50.1,47.5,109.5,102.42,285059.2,5.1,6.4604
2021-09-01,2.77,0.007,105.5,99.9625984403326,8.3,49.6,53.2,110.7,102.49,285059.2,4.9,6.4434
2021-10-01,2.72,0.015,104.5,99.6905599236166,8.7,49.2,52.4,113.5,104.25,313417.0,4.9,6.405
2021-11-01,2.94,0.0229999999999999,104.5,99.468462908571,8.5,50.1,52.3,112.9,105.47,313417.0,5.0,6.364
2021-12-01,3.08,0.015,104.5,99.2608349197464,9.0,50.3,52.7,110.3,106.26,313417.0,5.1,6.3726
2022-01-01,3.32,0.009,104.8,99.0272326424453,9.8,50.1,51.1,109.1,105.31,263762.9,5.3,6.361
2022-02-01,3.2,0.009,104.8,98.7563083975706,9.2,50.2,51.6,108.8,106.22,263762.9,5.5,6.3084
2022-03-01,3.17,0.015,104.8,98.4737762520469,9.7,49.5,48.4,108.3,107.3,263762.9,5.8,6.3393
2022-04-01,2.99,0.0209999999999999,100.8,98.2150698039872,10.5,47.4,41.9,108.0,106.35,275704.6,6.1,6.608
2022-05-01,2.81,0.0209999999999999,100.8,98.0080586697658,11.1,49.6,47.8,106.4,102.84,275704.6,5.9,6.6715
2022-06-01,2.76,0.025,100.8,97.8713252803841,11.4,50.2,54.7,106.1,103.13,275704.6,5.5,6.6981
2022-07-01,2.79,0.027,104.0,97.8103835356683,12.0,49.0,53.8,104.2,105.23,296333.6,5.4,6.7433
2022-08-01,2.5,0.025,104.0,97.8479774547887,12.2,49.4,52.6,102.3,103.7,296333.6,5.3,6.889
2022-09-01,2.36,0.0279999999999999,104.0,97.9901064861939,12.1,50.1,50.6,100.9,103.34,296333.6,5.5,7.1135
2022-10-01,2.43,0.0209999999999999,103.0,98.2328635583896,11.8,49.2,48.7,98.7,101.82,322969.4,5.5,7.3048
2022-11-01,2.68,0.0159999999999999,103.0,98.5825214402841,12.4,48.0,46.7,98.7,98.6,322969.4,5.7,7.0879
2022-12-01,2.79,0.0179999999999999,103.0,99.0307111174512,11.8,47.0,41.6,99.3,98.49,322969.4,5.5,6.8972
2023-01-01,2.9,0.0209999999999999,104.7,99.5384568258122,12.6,50.1,54.4,99.2,98.78,276286.8,5.5,6.754
2023-02-01,2.94,0.01,104.7,100.052101514556,12.9,52.6,56.3,98.6,98.77,276286.8,5.6,6.9325
2023-03-01,3.05,0.007,104.7,100.539154728592,12.7,51.9,58.2,97.5,97.65,276286.8,5.3,6.8676
2023-04-01,2.89,0.0009999999999999,106.5,100.9792504781,12.4,49.2,56.4,96.4,95.91,293711.1,5.2,6.911
2023-05-01,2.98,0.002,106.5,101.371244961342,11.6,48.8,54.5,95.4,94.71,293711.1,5.2,7.11
2023-06-01,2.81,0.0,106.5,101.718467435407,11.3,49.0,53.2,94.6,92.77,293711.1,5.2,7.2513
2023-07-01,2.57,-0.0029999999999999,105.0,101.999385817526,10.7,49.3,51.5,95.6,91.96,311288.6,5.3,7.1426
2023-08-01,2.63,0.0009999999999999,105.0,102.183318824827,10.6,49.7,51.0,97.0,92.52,311288.6,5.2,7.2582
2023-09-01,2.64,0.0,105.0,102.24928189482,10.3,50.2,51.7,97.5,93.31,311288.6,5.0,7.296
2023-10-01,2.73,-0.002,105.3,102.201105619958,10.3,49.5,50.6,97.4,93.57,340242.9,5.0,7.3166
2023-11-01,2.88,-0.005,105.3,102.053852673085,10.0,49.4,50.2,97.0,92.58,340242.9,5.0,7.136
2023-12-01,3.02,-0.0029999999999999,105.3,101.834768074668,9.7,49.0,50.4,97.3,92.73,340242.9,5.1,7.0999
2024-01-01,2.79,-0.0079999999999999,105.3,101.575251639692,8.7,49.2,50.7,97.5,92.32,290792.0,5.2,7.1673
2024-02-01,2.69,0.007,105.3,101.304642611174,8.7,49.1,51.4,97.3,94.07,290792.0,5.3,7.1977
2024-03-01,2.53,0.0009999999999999,105.3,101.046747558513,8.3,50.8,53.0,97.2,92.65,290792.0,5.2,7.2203
2024-04-01,2.49,0.0029999999999999,104.7,100.819797124852,7.2,50.4,51.2,97.5,92.9,307369.0,5.0,7.2401
2024-05-01,2.32,0.0029999999999999,104.7,100.63490328331,7.0,49.5,51.1,98.6,92.13,307369.0,5.0,7.241
2024-06-01,2.23,0.002,104.7,100.501021036955,6.2,49.5,50.5,99.2,92.12,307369.0,5.0,7.2672
2024-07-01,2.21,0.005,104.6,100.437302661907,6.3,49.4,50.2,99.2,92.23,325479.2,5.2,7.2193
2024-08-01,2.04,0.0059999999999999,104.6,100.457437225249,6.3,49.1,50.3,98.2,91.8,325479.2,5.3,7.09
2024-09-01,2.06,0.004,104.6,100.565973696889,6.8,49.8,50.0,97.2,91.67,325479.2,5.1,7.0176
2024-10-01,2.1,0.0029999999999999,105.4,100.737271387232,7.5,50.1,50.2,97.1,92.55,358465.4,5.0,7.1178
2024-11-01,2.04,0.002,105.4,100.911906246508,7.1,50.3,50.0,97.5,92.16,358465.4,5.0,7.2423
2024-12-01,2.0,0.0009999999999999,105.4,101.048995752004,7.3,50.1,52.2,97.7,92.26,358465.4,5.1,7.2993
2025-01-01,1.94,0.005,105.4,101.122145706358,7.0,49.1,50.2,97.7,92.64,306571.0,5.2,7.2422
2025-02-01,1.99,-0.007,105.4,101.124471683215,7.0,50.2,50.4,97.8,92.22,306571.0,5.4,7.2828
2025-03-01,2.14,-0.0009999999999999,105.4,101.055233820965,7.0,50.5,50.8,97.5,90.55,306571.0,5.2,7.2567
2025-04-01,2.02,-0.0009999999999999,105.2,100.925164899233,8.0,49.0,50.4,97.3,87.67,323458.2,5.1,7.2706
2025-05-01,1.83,-0.0009999999999999,105.2,100.759650410117,7.9,49.5,50.3,96.7,86.85,323458.2,5.0,7.1991
2025-06-01,1.79,0.0009999999999999,105.2,100.572456989298,8.3,49.7,50.5,96.4,86.19,323458.2,5.0,7.1636
2025-07-01,1.78,0.0,104.8,100.366410321161,8.8,49.3,50.1,96.4,86.38,341216.5,5.2,7.2002
2025-08-01,1.66,-0.004,104.8,100.146304029201,8.8,49.4,50.3,97.1,86.79,341216.5,5.3,7.1304
2025-09-01,1.68,-0.0029999999999999,104.8,99.9135840889268,8.4,49.8,50.0,97.7,87.22,341216.5,5.2,7.119
2025-10-01,1.69,0.002,104.5,99.6777329571234,8.2,49.0,50.1,97.9,87.97,374444.5,5.1,7.1169
2025-11-01,1.66,0.007,104.5,99.4599227954691,8.0,49.2,49.5,97.8,88.81,374444.5,5.1,7.0751
2025-12-01,1.69,0.0079999999999999,104.5,99.2666090473697,8.5,50.1,50.2,98.1,89.43,374444.5,5.1,6.9931
2026-01-01,1.75,0.002,105.0,99.1037921120223,9.0,49.3,49.4,98.6,89.52,335748.7,5.2,6.951
2026-02-01,1.71,0.0129999999999999,105.0,98.9690181926236,9.0,49.0,49.5,99.1,90.74,335748.7,5.3,6.8579
2026-03-01,1.7,0.01,105.0,98.8453300250761,8.5,50.4,50.1,100.5,91.5,335748.7,5.4,6.898
2026-04-01,1.64,0.012,104.3,98.711638474582,8.6,50.3,49.4,102.8,91.01,351222.7,5.2,6.8273
2026-05-01,1.51,0.012,104.3,98.5646521380634,8.6,50.0,50.1,103.9,90.84,351222.7,5.1,6.7662
2026-06-01,1.51,0.01,104.3,98.4079298460975,8.0,50.3,50.2,104.1,92.23,351222.7,5.0,6.7851
2026-07-01,1.54,0.005,104.3,98.2494109996032,7.7,49.2,49.0,103.5,92.72,351222.7,5.2,6.7509
2026-08-01,1.54,0.0079999999999999,104.3,98.1045800385387,7.7,49.8,49.0,103.8,92.72,351222.7,5.3,6.7197
2026-09-01,1.54,0.0079999999999999,104.3,98.1045800385387,7.7,49.8,49.0,103.8,92.72,351222.7,5.3,6.711
