date,ecb_rate,eurusd_ecb,ez_10y_yield,ez_2y_yield,ez_core_hicp,ez_hicp,ez_industrial_prod,ez_ppi,ez_real_gdp,ez_retail_sales,ez_unemployment
2010-01-01,0.25,1.3966,3.663042992534393,1.247835725828413,0.8,1.0,88.7,82.2,2713767.05132308,87.7,10.2
2010-02-01,0.25,1.357,3.487951488602823,1.0247537961082038,0.8,0.8,88.2,82.3,2713767.05132308,88.0,10.3
2010-03-01,0.25,1.3479,3.462696597710875,1.052205346378655,1.2,1.6,90.1,82.8,2713767.05132308,88.9,10.3
2010-04-01,0.25,1.3315,3.3965316590279984,1.0114874126529525,0.9,1.6,90.3,83.4,2739048.39106544,87.6,10.4
2010-05-01,0.25,1.2307,2.9953051025877926,0.5660740246458493,0.9,1.7,92.2,83.8,2739048.39106544,88.4,10.4
2010-06-01,0.25,1.2271,3.0252571441338065,0.6931339475492422,1.0,1.5,92.2,84.1,2739048.39106544,88.4,10.3
2010-07-01,0.25,1.3028,3.0084905652229503,0.8718460158303822,1.0,1.7,91.8,84.3,2750895.96927254,88.5,10.3
2010-08-01,0.25,1.268,2.477798602833772,0.6238669481373098,1.0,1.6,92.8,84.4,2750895.96927254,88.1,10.3
2010-09-01,0.25,1.3648,2.672248877981948,0.8993213420614998,1.2,1.9,92.8,84.6,2750895.96927254,88.3,10.2
2010-10-01,0.25,1.3857,2.857753989039494,1.0622926331387073,1.1,1.9,93.6,84.8,2766842.63624459,88.3,10.2
2010-11-01,0.25,1.2998,3.1078742653447176,0.9853636444557368,1.1,1.9,94.4,85.1,2766842.63624459,88.3,10.2
2010-12-01,0.25,1.3362,3.3617030593052064,0.9286900958709948,1.0,2.2,95.2,85.7,2766842.63624459,88.4,10.2
2011-01-01,0.25,1.3692,3.4930134843137086,1.4815746164577306,1.1,2.3,94.6,86.8,2793530.31293172,88.1,10.1
2011-02-01,0.25,1.3834,3.4899100215096217,1.5279470555864516,1.0,2.4,95.6,87.4,2793530.31293172,88.9,10.1
2011-03-01,0.25,1.4207,3.657760973674792,1.7909984054775985,1.3,2.7,95.6,88.1,2793530.31293172,87.6,10.1
2011-04-01,0.5,1.486,3.554150347968199,1.858867387985832,1.6,2.8,95.3,88.9,2793288.51725993,88.5,10.0
2011-05-01,0.5,1.4385,3.3653766392164908,1.6715277336245942,1.5,2.7,95.9,88.8,2793288.51725993,87.1,10.1
2011-06-01,0.5,1.4453,3.407358435187134,1.6536397986912832,1.5,2.7,94.4,88.8,2793288.51725993,87.8,10.1
2011-07-01,0.75,1.426,3.0573861969368465,1.3197972515383596,1.2,2.5,95.6,89.3,2793638.29006103,87.9,10.2
2011-08-01,0.75,1.445,2.7634438559681804,0.8594407727240168,1.2,2.5,95.6,89.2,2793638.29006103,87.7,10.4
2011-09-01,0.75,1.3503,2.483376235288464,0.7458998687388385,1.6,3.0,94.7,89.4,2793638.29006103,87.5,10.4
2011-10-01,0.75,1.4001,2.788549161763497,0.8090178255587928,1.6,3.0,94.4,89.5,2785292.52714666,87.8,10.6
2011-11-01,0.5,1.3418,3.0719470274410456,0.7427330006655184,1.6,3.0,94.6,89.7,2785292.52714666,87.3,10.7
2011-12-01,0.25,1.2939,2.645128365970277,0.4062171579213949,1.6,2.8,94.0,89.5,2785292.52714666,87.2,10.8
2012-01-01,0.25,1.3176,2.665751627507825,0.4498906654590446,1.5,2.7,93.4,90.1,2778872.46653948,87.5,10.9
2012-02-01,0.25,1.3443,2.590987566225758,0.3727058498823243,1.5,2.7,94.1,90.6,2778872.46653948,86.9,11.0
2012-03-01,0.25,1.3356,2.599159047720721,0.3925908927875978,1.6,2.7,93.9,91.1,2778872.46653948,87.6,11.2
2012-04-01,0.25,1.3214,2.4710951007504747,0.3185770747288687,1.6,2.6,93.2,91.3,2768718.01983537,85.9,11.3
2012-05-01,0.25,1.2403,1.887070048749857,0.1688157885086862,1.6,2.4,94.0,91.1,2768718.01983537,86.7,11.4
2012-06-01,0.25,1.259,2.3157381116667404,0.2686377686610068,1.6,2.4,93.3,90.7,2768718.01983537,87.0,11.5
2012-07-01,0.0,1.2284,1.8714631615426764,-0.022894358090622,1.7,2.4,93.5,91.0,2764887.79962252,86.8,11.6
2012-08-01,0.0,1.2611,1.9144413984542303,0.0148515904850805,1.5,2.6,94.2,91.8,2764887.79962252,86.7,11.6
2012-09-01,0.0,1.293,1.9401481093651816,0.0713007962426099,1.5,2.6,92.4,91.9,2764887.79962252,86.0,11.7
2012-10-01,0.0,1.2993,1.9495004378536127,0.085641221772831,1.5,2.5,91.6,91.8,2752757.4033764,85.7,11.9
2012-11-01,0.0,1.2986,1.7951046854980277,0.0364797140971484,1.4,2.2,90.9,91.7,2752757.4033764,85.4,12.0
2012-12-01,0.0,1.3194,1.722533077541371,-0.0130237684373786,1.5,2.2,91.5,91.5,2752757.4033764,85.8,12.0
2013-01-01,0.0,1.355,2.020654870829002,0.3152915375658032,1.3,2.0,91.1,91.7,2744281.81068276,85.6,12.2
2013-02-01,0.0,1.3129,1.880491865980316,0.1023372457842355,1.3,1.9,91.3,91.9,2744281.81068276,85.5,12.2
2013-03-01,0.0,1.2805,1.759226275777391,0.0665872863952619,1.5,1.7,92.3,91.6,2744281.81068276,85.5,12.2
2013-04-01,0.0,1.3072,1.550317933457273,0.0428256217003126,1.0,1.2,92.4,91.0,2761997.28117847,85.5,12.2
2013-05-01,0.0,1.3006,1.8427562019166928,0.1278335009536828,1.2,1.4,92.5,90.8,2761997.28117847,86.3,12.2
2013-06-01,0.0,1.308,2.1372549798737515,0.2995856986837757,1.2,1.6,92.7,90.8,2761997.28117847,85.7,12.2
2013-07-01,0.0,1.3275,1.9549500564761644,0.1845091969484911,1.1,1.6,91.8,90.9,2769776.49371005,86.1,12.1
2013-08-01,0.0,1.3235,2.1735758852227374,0.2727822960707846,1.1,1.3,92.3,90.9,2769776.49371005,86.3,12.1
2013-09-01,0.0,1.3505,2.05493861415187,0.219325764165057,1.0,1.1,92.6,91.0,2769776.49371005,86.1,12.1
2013-10-01,0.0,1.3641,1.95182874131826,0.148712521112095,0.8,0.7,92.1,90.6,2775518.88260233,85.9,12.1
2013-11-01,0.0,1.3611,1.9865840246800035,0.1425077566575052,0.9,0.9,93.2,90.5,2775518.88260233,86.8,12.1
2013-12-01,0.0,1.3791,2.24087957425051,0.2482694912188021,0.7,0.8,93.1,90.7,2775518.88260233,86.2,12.0
2014-01-01,0.0,1.3516,1.8946035594776944,0.1075917425352668,0.8,0.8,92.7,90.5,2789258.76587861,86.3,12.0
2014-02-01,0.0,1.3813,1.880141761770952,0.1554750532464797,1.0,0.7,93.4,90.2,2789258.76587861,86.4,12.0
2014-03-01,0.0,1.3788,1.82211901094795,0.1717926110965528,0.7,0.5,92.8,90.0,2789258.76587861,86.8,11.9
2014-04-01,0.0,1.385,1.7207650749501475,0.1575993413145648,1.0,0.7,94.3,89.8,2795328.7398966,86.8,11.8
2014-05-01,0.0,1.3607,1.5579182957339173,0.0638350763972521,0.7,0.5,93.6,89.8,2795328.7398966,86.5,11.8
2014-06-01,-0.1,1.3658,1.4384625015574244,0.016415252528116,0.8,0.5,93.0,89.9,2795328.7398966,86.9,11.6
2014-07-01,-0.1,1.3379,1.3383150598159546,0.0056386898885172,0.8,0.4,93.9,89.7,2808622.35875593,86.3,11.7
2014-08-01,-0.1,1.3188,1.031518088310999,-0.0473967107675532,0.9,0.4,92.1,89.5,2808622.35875593,87.3,11.6
2014-09-01,-0.2,1.2583,1.0588503966798832,-0.0965022800761432,0.8,0.3,93.2,89.6,2808622.35875593,86.9,11.6
2014-10-01,-0.2,1.2524,0.9638364085329972,-0.0826690687449698,0.7,0.4,93.0,89.4,2819062.03177663,87.3,11.6
2014-11-01,-0.2,1.2483,0.8015239549035273,-0.0667006797005105,0.7,0.3,92.8,89.1,2819062.03177663,87.6,11.6
2014-12-01,-0.2,1.2141,0.6486316636468334,-0.1162599667172621,0.7,-0.2,94.0,88.3,2819062.03177663,88.3,11.5
2015-01-01,-0.2,1.1305,0.3936199168815342,-0.1420980107298464,0.6,-0.6,93.4,87.4,2841518.34096077,88.2,11.4
2015-02-01,-0.2,1.124,0.3691326637656524,-0.2010120048677314,0.7,-0.3,95.7,87.8,2841518.34096077,88.0,11.3
2015-03-01,-0.2,1.0759,0.2639295264340712,-0.2243697700188303,0.7,-0.1,95.9,88.0,2841518.34096077,88.0,11.3
2015-04-01,-0.2,1.1215,0.4168462509487285,-0.2066047888869402,0.9,0.2,95.2,88.0,2852946.32972877,88.4,11.2
2015-05-01,-0.2,1.097,0.6090087894856606,-0.2268033169818473,1.3,0.6,95.9,88.1,2852946.32972877,89.0,11.2
2015-06-01,-0.2,1.1189,0.9528411053191466,-0.2282906410996241,1.2,0.5,96.1,88.1,2852946.32972877,88.9,11.1
2015-07-01,-0.2,1.0967,0.7286394532157718,-0.2559746368224578,1.4,0.6,96.7,87.9,2864824.98435967,89.4,10.9
2015-08-01,-0.2,1.1215,0.8200572366778678,-0.218853389635659,1.4,0.4,95.4,87.1,2864824.98435967,89.1,10.8
2015-09-01,-0.2,1.1203,0.7033485221551179,-0.2369035150266789,1.3,0.2,95.8,86.8,2864824.98435967,89.0,10.7
2015-10-01,-0.2,1.1017,0.6299876107215212,-0.3134306329592951,1.4,0.4,96.1,86.6,2878389.428749,88.9,10.7
2015-11-01,-0.2,1.0579,0.5803911345864661,-0.4029375934540686,0.9,0.1,95.6,86.4,2878389.428749,88.2,10.6
2015-12-01,-0.3,1.0887,0.768969803797086,-0.3462793725268485,0.9,0.2,95.5,85.7,2878389.428749,89.6,10.6
2016-01-01,-0.3,1.092,0.4393896373825665,-0.4661021702851506,1.0,0.3,97.4,84.9,2893244.41896097,89.6,10.5
2016-02-01,-0.3,1.0888,0.218827627045008,-0.5356489751050475,0.9,-0.1,96.0,84.3,2893244.41896097,89.8,10.5
2016-03-01,-0.4,1.1385,0.2625919426852219,-0.4904551380587385,1.0,0.0,95.5,84.5,2893244.41896097,89.3,10.4
2016-04-01,-0.4,1.1403,0.3431946601834337,-0.5024367071229285,0.7,-0.3,96.9,84.2,2898143.18830244,89.4,10.3
2016-05-01,-0.4,1.1154,0.2224078988269107,-0.5254433705933028,0.8,-0.1,95.4,84.7,2898143.18830244,89.7,10.2
2016-06-01,-0.4,1.1102,-0.1044256146642337,-0.6609447949233811,0.8,0.1,96.3,85.4,2898143.18830244,89.6,10.2
2016-07-01,-0.4,1.1113,-0.1517966897263534,-0.6532821141232463,0.9,0.2,96.1,85.7,2912016.88334977,90.2,10.0
2016-08-01,-0.4,1.1132,-0.1176940424906636,-0.6527914235767716,0.8,0.2,96.2,85.6,2912016.88334977,90.3,10.0
2016-09-01,-0.4,1.1161,-0.1620515369928412,-0.7197846188872381,0.8,0.4,96.5,85.7,2912016.88334977,90.1,9.9
2016-10-01,-0.4,1.0946,0.142941868196583,-0.6629803169261805,0.8,0.5,97.2,86.3,2935448.5100221,91.4,9.9
2016-11-01,-0.4,1.0635,0.2743464000414652,-0.7791404456553979,0.8,0.6,97.6,86.4,2935448.5100221,90.3,9.9
2016-12-01,-0.4,1.0541,0.2581256056567871,-0.8000982626405939,0.9,1.1,97.1,87.1,2935448.5100221,90.7,9.8
2017-01-01,-0.4,1.0755,0.4969792614902402,-0.6920974197856666,0.9,1.7,97.1,88.1,2958252.2689724,91.0,9.7
2017-02-01,-0.4,1.0597,0.2521480376521627,-0.8952173566631316,0.8,2.0,97.8,88.0,2958252.2689724,91.1,9.6
2017-03-01,-0.4,1.0691,0.3814023713402656,-0.7283535794793483,0.7,1.5,97.6,87.8,2958252.2689724,91.9,9.5
2017-04-01,-0.4,1.093,0.3819920626792856,-0.7320803590402449,1.3,1.9,98.4,87.8,2978094.02952397,91.8,9.3
2017-05-01,-0.4,1.1221,0.3616871225584432,-0.7359024097670401,0.9,1.4,98.9,87.6,2978094.02952397,92.2,9.3
2017-06-01,-0.4,1.1412,0.5409199919834577,-0.5860358511646915,1.2,1.3,98.8,87.4,2978094.02952397,92.4,9.1
2017-07-01,-0.4,1.1727,0.5771010542149364,-0.6677879301542609,1.2,1.3,99.8,87.4,3000436.66325338,92.6,9.1
2017-08-01,-0.4,1.1825,0.3846542552178906,-0.7341663992199683,1.2,1.5,100.7,87.7,3000436.66325338,91.9,9.0
2017-09-01,-0.4,1.1806,0.5162529460039549,-0.6999581196698683,1.1,1.6,100.3,88.0,3000436.66325338,93.4,8.9
2017-10-01,-0.4,1.1638,0.4385500943816023,-0.744982685394139,0.9,1.4,100.3,88.4,3024637.53866144,91.7,8.8
2017-11-01,-0.4,1.1849,0.4370419396738372,-0.7021452827025936,0.9,1.5,103.0,88.9,3024637.53866144,93.3,8.8
2017-12-01,-0.4,1.1993,0.5220430870463577,-0.6352172241188692,0.9,1.3,102.9,89.1,3024637.53866144,93.4,8.7
2018-01-01,-0.4,1.2457,0.7098755198716349,-0.5247320548608307,1.0,1.3,100.9,89.5,3025453.14181953,92.8,8.7
2018-02-01,-0.4,1.2214,0.7091440932355493,-0.572716156433839,1.0,1.1,100.0,89.6,3025453.14181953,93.0,8.6
2018-03-01,-0.4,1.2321,0.5484389371638745,-0.609956169598294,1.1,1.4,100.5,89.6,3025453.14181953,93.2,8.5
2018-04-01,-0.4,1.2079,0.6286787111497132,-0.5709839086652089,0.7,1.2,100.1,89.5,3041241.12901884,93.9,8.4
2018-05-01,-0.4,1.1699,0.4024670996911501,-0.6913572167228086,1.2,2.0,101.4,90.3,3041241.12901884,94.0,8.3
2018-06-01,-0.4,1.1658,0.379055687017642,-0.682019234848231,1.0,2.0,101.3,90.7,3041241.12901884,93.8,8.3
2018-07-01,-0.4,1.1736,0.4553404508943632,-0.5930745643892292,1.1,2.2,99.9,91.3,3043918.58074311,93.9,8.1
2018-08-01,-0.4,1.1651,0.3719089874180712,-0.6269550761316642,1.0,2.1,101.2,91.7,3043918.58074311,93.9,8.1
2018-09-01,-0.4,1.1576,0.5091276886227742,-0.5451433434200164,1.0,2.1,100.4,92.2,3043918.58074311,93.9,8.0
2018-10-01,-0.4,1.1318,0.4342568662405739,-0.6299003250758028,1.2,2.3,100.7,92.9,3059887.2956915,94.3,8.0
2018-11-01,-0.4,1.1359,0.369032434490065,-0.6361893579852991,0.9,1.9,99.3,92.7,3059887.2956915,94.5,7.9
2018-12-01,-0.4,1.145,0.316223018423702,-0.6582477614142714,0.9,1.5,99.5,92.0,3059887.2956915,94.3,7.9
2019-01-01,-0.4,1.1488,0.1876074798881903,-0.5821824089825123,1.1,1.4,100.5,92.2,3082307.14146633,95.3,7.9
2019-02-01,-0.4,1.1416,0.2281325209626938,-0.5375636107662469,1.0,1.5,99.9,92.2,3082307.14146633,95.6,7.8
2019-03-01,-0.4,1.1235,-0.0134294349958481,-0.6201085047184351,0.8,1.4,100.0,92.1,3082307.14146633,95.2,7.7
2019-04-01,-0.4,1.1218,0.0761878544554783,-0.5937872516143656,1.3,1.7,99.9,91.9,3092660.07342542,96.0,7.8
2019-05-01,-0.4,1.1151,-0.1317339566911721,-0.6869487790477953,0.8,1.2,100.4,91.8,3092660.07342542,95.1,7.6
2019-06-01,-0.4,1.138,-0.2588942841047439,-0.7454175604950399,1.1,1.3,99.2,91.3,3092660.07342542,96.4,7.5
2019-07-01,-0.4,1.1151,-0.3904594031654613,-0.793812569790453,0.9,1.0,99.0,91.4,3099291.68433246,96.2,7.5
2019-08-01,-0.4,1.1036,-0.6526805405710738,-0.929722253152978,1.0,1.0,99.5,90.9,3099291.68433246,96.4,7.5
2019-09-01,-0.5,1.0889,-0.5210200593301089,-0.8056211899408283,1.0,0.8,99.3,91.0,3099291.68433246,96.4,7.5
2019-10-01,-0.5,1.1154,-0.3645588719895603,-0.6935057375135303,1.1,0.7,100.0,91.1,3095509.73874802,96.1,7.4
2019-11-01,-0.5,1.0982,-0.2973038143639779,-0.6469481468626892,1.3,1.0,98.6,91.3,3095509.73874802,96.5,7.5
2019-12-01,-0.5,1.1234,-0.1416139923580766,-0.6183938631328096,1.3,1.3,96.8,91.3,3095509.73874802,96.8,7.5
2020-01-01,-0.5,1.1052,-0.3982077398358039,-0.6798593217539244,1.1,1.4,99.4,91.5,2996366.162073,97.5,7.5
2020-02-01,-0.5,1.0977,-0.5719619376432523,-0.7861478169195122,1.2,1.2,98.7,90.9,2996366.162073,98.2,7.3
2020-03-01,-0.5,1.0956,-0.4142217275658404,-0.7059234486470767,1.0,0.7,87.4,89.6,2996366.162073,86.8,7.2
2020-04-01,-0.5,1.0876,-0.4577088658789732,-0.7058396567979206,0.9,0.3,71.2,87.7,2662371.48654496,77.5,7.5
2020-05-01,-0.5,1.1136,-0.3592212288998233,-0.6337230426563956,0.9,0.1,81.2,87.2,2662371.48654496,92.4,7.7
2020-06-01,-0.5,1.1198,-0.4511601140782186,-0.6942297983987724,0.8,0.3,88.8,87.8,2662371.48654496,97.2,8.1
2020-07-01,-0.5,1.1848,-0.4934549928365368,-0.7097444067189911,1.2,0.4,92.8,88.5,2969540.64072083,96.9,8.5
2020-08-01,-0.5,1.194,-0.370767370836389,-0.6632123237944327,0.4,-0.2,93.6,88.6,2969540.64072083,100.4,8.6
2020-09-01,-0.5,1.1708,-0.4953658691276756,-0.6921246168744761,0.2,-0.3,94.1,88.9,2969540.64072083,98.9,8.6
2020-10-01,-0.5,1.1698,-0.6034864733654897,-0.8008034978971357,0.2,-0.3,96.8,89.2,2978873.52878801,100.3,8.4
2020-11-01,-0.5,1.198,-0.5496842544259004,-0.7521799828321072,0.3,-0.3,99.4,89.5,2978873.52878801,93.8,8.2
2020-12-01,-0.5,1.2271,-0.5700079921508663,-0.7668552891848657,0.2,-0.3,98.6,90.3,2978873.52878801,98.1,8.2
2021-01-01,-0.5,1.2136,-0.5122549639975529,-0.7531842013786023,1.4,0.9,100.2,92.3,3003980.08759539,92.6,8.3
2021-02-01,-0.5,1.2121,-0.245739451145833,-0.6666728489905649,1.1,0.9,98.8,92.8,3003980.08759539,96.3,8.3
2021-03-01,-0.5,1.1725,-0.2786500209590494,-0.7218383025045352,0.9,1.3,100.0,93.9,3003980.08759539,99.0,8.2
2021-04-01,-0.5,1.2082,-0.1799941287779782,-0.7046917694532093,0.7,1.6,100.8,94.8,3068811.87962135,96.4,8.3
2021-05-01,-0.5,1.2201,-0.1464150531334933,-0.6935810688240931,0.9,2.0,99.5,95.9,3068811.87962135,100.8,8.1
2021-06-01,-0.5,1.1884,-0.2031675387389504,-0.6975142228883702,0.9,1.9,99.9,97.2,3068811.87962135,102.9,7.9
2021-07-01,-0.5,1.1891,-0.4398795835232656,-0.803462493440618,0.7,2.2,101.3,99.5,3124570.17864159,101.2,7.7
2021-08-01,-0.5,1.1834,-0.3929337298819684,-0.7652988842901691,1.5,3.0,99.0,100.4,3124570.17864159,101.9,7.6
2021-09-01,-0.5,1.1579,-0.1701871538638641,-0.7205593344489154,1.9,3.4,99.1,102.8,3124570.17864159,101.5,7.4
2021-10-01,-0.5,1.1645,-0.0692417043067128,-0.6204530610444323,2.1,4.1,99.3,108.0,3147599.31940351,102.8,7.3
2021-11-01,-0.5,1.1363,-0.3500497959956763,-0.815302296062935,2.6,4.9,100.0,109.9,3147599.31940351,102.7,7.2
2021-12-01,-0.5,1.1326,-0.1884997053069739,-0.6791412595704998,2.6,5.0,102.0,112.6,3147599.31940351,102.0,7.1
2022-01-01,-0.5,1.1156,0.027558640324989,-0.5723570248265979,2.3,5.1,101.3,119.3,3170556.92922838,101.9,7.0
2022-02-01,-0.5,1.1199,0.2151889622433027,-0.5354174156368479,2.7,5.9,101.9,120.6,3170556.92922838,102.6,6.9
2022-03-01,-0.5,1.1101,0.6178605132498334,-0.0860211316812611,3.0,7.4,100.1,126.7,3170556.92922838,102.3,6.9
2022-04-01,-0.5,1.054,0.9394447549795604,0.2135319527189509,3.5,7.5,100.3,128.3,3200730.82790199,102.0,6.8
2022-05-01,-0.5,1.0713,1.2196374068344555,0.3577958329266786,3.8,8.1,102.4,129.1,3200730.82790199,102.1,6.8
2022-06-01,-0.5,1.0387,1.4984395024541597,0.6429685731460477,3.7,8.6,102.2,130.9,3200730.82790199,101.2,6.8
2022-07-01,0.0,1.0198,0.928512097752508,0.2543910607748882,4.0,8.9,100.5,135.5,3217797.8958604,101.0,6.7
2022-08-01,0.0,1.0,1.571382059522819,1.0755895221438925,4.3,9.1,102.6,140.9,3217797.8958604,101.0,6.8
2022-09-01,0.75,0.9748,2.134773480380704,1.6662186292632288,4.7,9.9,103.7,143.3,3217797.8958604,102.1,6.7
2022-10-01,0.75,0.9914,2.2391387491331125,1.920292461819309,5.0,10.6,102.7,140.3,3215698.20050631,100.5,6.7
2022-11-01,1.5,1.0376,1.9939423217948185,2.0378229449647427,5.0,10.1,102.9,139.0,3215698.20050631,100.4,6.7
2022-12-01,2.0,1.0666,2.555313576346965,2.565336451215762,5.2,9.2,100.9,140.3,3215698.20050631,99.9,6.8
2023-01-01,2.0,1.0833,2.321746829009651,2.5071773696943893,5.3,8.6,102.3,136.7,3211545.73032886,100.0,6.7
2023-02-01,2.5,1.0619,2.7593967440187765,3.0819028976254854,5.6,8.5,103.4,135.9,3211545.73032886,99.8,6.6
2023-03-01,3.0,1.0875,2.4053734039225585,2.6178698624258403,5.7,6.9,100.5,134.4,3211545.73032886,99.0,6.6
2023-04-01,3.0,1.0981,2.4444445430269903,2.6848043965691053,5.6,6.9,100.7,130.2,3218434.55335667,99.1,6.6
2023-05-01,3.25,1.0683,2.3837639734,2.6441031237,5.3,6.1,101.0,127.9,3218434.55335667,99.6,6.5
2023-06-01,3.5,1.0866,2.5070983224,3.1194082381,5.5,5.5,101.8,127.4,3218434.55335667,100.1,6.5
2023-07-01,3.5,1.1023,2.5434072241,3.0155475324,5.5,5.3,99.0,126.9,3222771.45428201,99.9,6.6
2023-08-01,3.75,1.0868,2.5706069449,2.9548772685,5.3,5.2,98.6,127.8,3222771.45428201,98.9,6.6
2023-09-01,4.0,1.0594,2.8762763259,3.1572218833,4.5,4.3,98.4,128.5,3222771.45428201,98.9,6.6
2023-10-01,4.0,1.0619,2.8226726907,2.9879266452,4.2,2.9,97.9,128.7,3223108.73696107,99.3,6.6
2023-11-01,4.0,1.0931,2.5285020009,2.8061242815,3.6,2.4,98.7,128.1,3223108.73696107,99.8,6.6
2023-12-01,4.0,1.105,2.0808856999,2.4363455063,3.4,2.9,98.6,127.2,3223108.73696107,99.4,6.5
2024-01-01,4.0,1.0837,2.26580157,2.4737329487,3.3,2.8,97.4,126.0,3234141.66758827,99.5,6.6
2024-02-01,4.0,1.0826,2.4801097363,2.9012443273,3.1,2.6,97.6,124.6,3234141.66758827,100.0,6.6
2024-03-01,4.0,1.0811,2.359935488,2.7981962094,2.9,2.4,97.1,123.9,3234141.66758827,100.2,6.5
2024-04-01,4.0,1.0718,2.6368704855,2.9967567161,2.7,2.4,97.6,122.8,3240995.40994482,100.2,6.5
2024-05-01,4.0,1.0852,2.7015587512,3.0193484923,2.9,2.6,96.0,122.5,3240995.40994482,100.5,6.4
2024-06-01,3.75,1.0705,2.5019106798,2.7993707466,2.9,2.5,97.7,123.2,3240995.40994482,99.6,6.4
2024-07-01,3.75,1.0828,2.3290703135,2.5822152139,2.8,2.6,97.0,124.2,3257252.12177242,100.4,6.4
2024-08-01,3.75,1.1087,2.3888297669,2.3591456102,2.8,2.2,97.5,124.8,3257252.12177242,101.6,6.3
2024-09-01,3.5,1.1196,2.2367867384,2.0342844512,2.7,1.7,96.7,124.1,3257252.12177242,102.1,6.3
2024-10-01,3.25,1.0882,2.520945558,2.2433129773,2.7,2.0,96.9,124.6,3266893.03240667,101.6,6.3
2024-11-01,3.25,1.0562,2.1852246483,1.9120084184,2.7,2.2,96.9,126.7,3266893.03240667,101.7,6.2
2024-12-01,3.0,1.0389,2.4473038368,2.0111511629,2.7,2.4,96.5,127.3,3266893.03240667,101.7,6.3
2025-01-01,3.0,1.0393,2.5304298486,2.0552152666,2.7,2.5,98.1,128.3,3285474.75596259,102.0,6.3
2025-02-01,2.75,1.0411,2.4692621079,1.974536006,2.6,2.3,98.9,128.7,3285474.75596259,102.4,6.3
2025-03-01,2.5,1.0815,2.7817290051,1.9946853961,2.4,2.2,101.5,126.5,3285474.75596259,102.4,6.4
2025-04-01,2.25,1.1373,2.5575500372,1.6995058817,2.7,2.2,98.0,123.7,3285054.85385843,103.3,6.3
2025-05-01,2.25,1.1339,2.6100622245,1.780577865,2.3,1.9,98.9,122.9,3285054.85385843,102.7,6.4
2025-06-01,2.0,1.172,2.6791846244,1.8448999837,2.3,2.0,98.6,124.0,3285054.85385843,103.5,6.3
2025-07-01,2.0,1.1446,2.7630604692,1.9362248244,2.3,2.0,98.5,124.6,3295317.45435817,103.4,6.3
2025-08-01,2.0,1.1658,2.7854844577,1.9213686405,2.3,2.0,98.3,124.1,3295317.45435817,103.4,6.3
2025-09-01,2.0,1.1741,2.7786738794,1.9908238068,2.4,2.2,98.1,124.0,3295317.45435817,103.5,6.4
2025-10-01,2.0,1.1554,2.721602685,1.9496455975,2.4,2.1,98.4,124.1,3301714.3375536,103.9,6.4
2025-11-01,2.0,1.1566,2.7737857403,2.0086159249,2.4,2.1,98.7,125.1,3301714.3375536,104.0,6.4
2025-12-01,2.0,1.175,2.9480486243,2.108454926,2.3,2.0,98.4,124.7,3301714.3375536,104.0,6.4
2026-01-01,2.0,1.1919,2.9033834533,2.0495671759,2.2,1.7,97.2,125.6,3301538.52071802,104.2,6.4
2026-02-01,2.0,1.1805,2.7266574195,1.9805043076,2.4,1.9,97.6,124.8,3301538.52071802,103.8,6.5
2026-03-01,2.0,1.1498,3.0729993471,2.5889838861,2.3,2.6,98.0,129.0,3301538.52071802,104.7,6.5
2026-04-01,2.0,1.1702,3.0939583349,2.6058943243,2.2,3.0,98.3,129.8,3301538.52071802,104.3,6.4
2026-05-01,2.0,1.1644,3.016587454,2.5006714674,2.6,3.2,98.5,130.1,3301538.52071802,104.6,6.4
2026-06-01,2.25,1.1394,2.9244927445,2.4760833371,2.4,2.8,98.4,129.7,3301538.52071802,104.8,6.5
2026-07-01,2.25,1.1485,3.2273140986,2.7607858384,2.5,2.9,98.3,131.8,3301538.52071802,104.2,6.5
2026-08-01,2.25,1.1596,3.3395935506,2.8560179314,2.4,3.2,98.3,131.8,3301538.52071802,104.2,6.5
2026-09-01,2.5,1.1355,3.5816574153,3.1591707336,2.4,3.2,98.3,131.8,3301538.52071802,104.2,6.5
2026-10-01,2.5,1.1355,3.5816574153,3.1591707336,2.4,3.2,98.3,131.8,3301538.52071802,104.2,6.5
