date,de_10y_yield,ecb_rate,eurusd,ez_hicp,fed_rate,us_10y_yield,us_2y_yield,us_consumer_sentiment,us_core_cpi,us_core_pce,us_cpi,us_industrial_prod,us_jobless_claims,us_nfp,us_pce,us_ppi,us_real_gdp,us_retail_sales,us_unemployment,us_yield_curve,usd_index,vix
2010-01-01,3.2575,0.25,1.387,71.15,0.11,3.63,0.82,74.4,220.633,89.368,217.488,89.3426,496000.0,129802.0,90.136,101.2,16582.71,339093.0,9.8,2.81,93.7638,24.62
2010-02-01,3.17,0.25,1.366,71.37,0.13,3.61,0.81,73.6,220.731,89.446,217.281,89.6779,488000.0,129706.0,90.134,101.0,16582.71,339580.0,9.8,2.8,93.6602,19.5
2010-03-01,3.10217391304348,0.25,1.3526,72.16,0.16,3.84,1.02,73.6,220.783,89.579,217.353,90.2928,459000.0,129866.0,90.261,101.1,16582.71,346974.0,9.9,2.82,92.8987,17.59
2010-04-01,3.0645,0.25,1.3302,72.45,0.2,3.69,0.97,72.2,220.822,89.625,217.403,90.5991,449000.0,130120.0,90.31,101.4,16743.162,349869.0,9.9,2.72,92.8423,22.05
2010-05-01,2.73428571428571,0.25,1.2369,72.54,0.2,3.31,0.76,73.6,220.962,89.724,217.29,91.823,458000.0,130642.0,90.339,101.6,16743.162,346858.0,9.6,2.55,96.3062,32.07
2010-06-01,2.54318181818182,0.25,1.2291,72.54,0.18,2.97,0.61,76.0,221.194,89.767,217.199,91.9928,464000.0,130510.0,90.301,101.4,16743.162,346516.0,9.4,2.36,95.9934,34.54
2010-07-01,2.61590909090909,0.25,1.3069,72.23,0.18,2.94,0.55,67.8,221.363,89.769,217.605,92.3421,476000.0,130415.0,90.378,101.6,16872.266,347612.0,9.4,2.39,93.2793,23.5
2010-08-01,2.35,0.25,1.2704,72.37,0.19,2.47,0.47,68.9,221.509,89.855,217.923,92.6805,467000.0,130415.0,90.502,101.8,16872.266,349188.0,9.5,2.0,94.7204,26.05
2010-09-01,2.30045454545455,0.25,1.3601,72.6,0.19,2.53,0.42,68.2,221.711,89.906,218.275,92.9537,459000.0,130341.0,90.592,102.1,16872.266,352179.0,9.5,2.11,91.3415,23.7
2010-10-01,2.34571428571429,0.25,1.3894,72.81,0.19,2.63,0.34,67.7,221.83,90.043,219.035,92.6903,453000.0,130620.0,90.881,102.5,16960.864,356215.0,9.4,2.29,90.0935,21.2
2010-11-01,2.53272727272727,0.25,1.3036,72.88,0.19,2.81,0.45,71.6,222.149,90.16,219.59,92.7709,432000.0,130749.0,91.062,102.8,16960.864,359450.0,9.8,2.36,92.1494,23.54
2010-12-01,2.9147619047619,0.25,1.3269,73.32,0.18,3.3,0.61,74.5,222.343,90.179,220.472,93.6787,404000.0,130830.0,91.268,103.1,16960.864,361979.0,9.3,2.69,90.5146,17.75
2011-01-01,3.01666666666667,0.25,1.3715,72.8,0.17,3.42,0.58,74.2,222.803,90.372,221.187,93.4814,420000.0,130837.0,91.542,103.7,16920.632,364394.0,9.1,2.84,89.694,19.53
2011-02-01,3.199,0.25,1.3793,73.11,0.16,3.42,0.69,77.5,223.213,90.53,221.898,93.1102,385000.0,131057.0,91.797,104.3,16920.632,367475.0,9.0,2.73,88.9391,18.35
2011-03-01,3.21173913043478,0.25,1.4183,74.09,0.14,3.47,0.8,67.5,223.454,90.667,223.046,94.0788,399000.0,131283.0,92.166,105.0,16920.632,370775.0,9.0,2.67,88.0299,17.74
2011-04-01,3.34052631578947,0.5,1.4821,74.51,0.1,3.32,0.61,69.8,223.727,90.875,224.093,93.7749,468000.0,131597.0,92.557,105.5,17035.114,372820.0,9.1,2.71,85.5999,14.75
2011-05-01,3.06090909090909,0.5,1.4376,74.52,0.09,3.05,0.45,74.3,224.175,91.091,224.806,93.888,418000.0,131703.0,92.838,105.8,17035.114,372505.0,9.0,2.6,86.656,15.45
2011-06-01,2.89090909090909,0.5,1.4523,74.51,0.09,3.18,0.45,71.5,224.697,91.191,224.806,94.172,421000.0,131931.0,92.819,105.9,17035.114,375587.0,9.1,2.73,86.4786,16.52
2011-07-01,2.74380952380952,0.75,1.4388,74.09,0.07,2.82,0.36,63.7,225.218,91.326,225.395,94.636,406000.0,131992.0,92.977,106.1,17031.313,375442.0,9.0,2.46,85.7282,25.25
2011-08-01,2.21347826086957,0.75,1.4406,74.22,0.1,2.23,0.2,55.8,225.862,91.508,226.106,95.2749,409000.0,132125.0,93.196,106.3,17031.313,375860.0,9.0,2.03,86.7739,31.62
2011-09-01,1.82909090909091,0.75,1.3449,74.77,0.08,1.92,0.25,59.5,226.118,91.57,226.597,95.1961,406000.0,132344.0,93.327,106.7,17031.313,380042.0,9.0,1.67,91.9998,42.96
2011-10-01,2.00238095238095,0.75,1.3947,75.03,0.07,2.17,0.25,60.8,226.506,91.614,226.75,95.8568,399000.0,132553.0,93.329,106.3,17222.583,382207.0,8.8,1.92,89.2053,29.96
2011-11-01,1.87409090909091,0.5,1.3453,75.09,0.08,2.08,0.25,63.7,226.899,91.808,227.169,95.8485,397000.0,132690.0,93.52,106.6,17222.583,383422.0,8.6,1.83,91.4728,27.8
2011-12-01,1.92761904761905,0.25,1.2973,75.34,0.07,1.89,0.25,69.9,227.405,91.96,227.223,96.3571,376000.0,132888.0,93.574,106.5,17222.583,383985.0,8.5,1.64,92.4262,23.4
2012-01-01,1.82090909090909,0.25,1.3053,74.74,0.08,1.83,0.22,75.0,227.877,92.235,227.842,96.9318,372000.0,133246.0,93.894,106.9,17367.01,387531.0,8.3,1.61,90.5538,19.44
2012-02-01,1.85190476190476,0.25,1.3359,75.11,0.1,1.98,0.3,75.3,228.034,92.364,228.329,97.2435,365000.0,133509.0,94.104,107.2,17367.01,392310.0,8.3,1.68,89.7487,18.43
2012-03-01,1.83045454545455,0.25,1.3334,76.08,0.13,2.23,0.33,76.2,228.478,92.521,228.807,96.74,358000.0,133748.0,94.284,107.4,17367.01,393698.0,8.2,1.9,90.4593,15.5
2012-04-01,1.62421052631579,0.25,1.3229,76.43,0.14,1.95,0.27,76.4,228.905,92.661,229.187,97.4359,372000.0,133825.0,94.408,107.7,17444.525,392073.0,8.2,1.68,90.3634,17.15
2012-05-01,1.33681818181818,0.25,1.2364,76.33,0.16,1.59,0.27,79.3,229.224,92.755,228.713,97.6609,381000.0,133932.0,94.302,107.6,17444.525,391376.0,8.2,1.32,94.6856,24.06
2012-06-01,1.30047619047619,0.25,1.2668,76.27,0.16,1.67,0.33,73.2,229.623,92.85,228.524,97.6663,372000.0,134013.0,94.254,107.3,17444.525,387901.0,8.2,1.34,92.9096,17.08
2012-07-01,1.24227272727273,0.0,1.2315,75.87,0.16,1.51,0.23,72.3,229.97,92.946,228.59,97.8713,372000.0,134157.0,94.288,107.2,17469.65,389686.0,8.2,1.28,92.8422,18.93
2012-08-01,1.34173913043478,0.0,1.2578,76.16,0.13,1.57,0.22,74.3,230.233,93.005,229.918,97.4525,377000.0,134339.0,94.605,107.5,17469.65,394524.0,8.1,1.35,92.1677,17.47
2012-09-01,1.4905,0.0,1.2856,76.72,0.14,1.65,0.23,78.3,230.659,93.119,231.015,97.381,376000.0,134517.0,94.893,108.2,17469.65,397681.0,7.8,1.42,90.8342,15.73
2012-10-01,1.46695652173913,0.0,1.2958,76.9,0.16,1.72,0.3,82.6,231.024,93.345,231.638,97.7193,364000.0,134669.0,95.174,108.3,17489.852,397494.0,7.8,1.42,91.1609,18.6
2012-11-01,1.33590909090909,0.0,1.301,76.74,0.16,1.62,0.25,82.7,231.33,93.445,231.249,98.0777,388000.0,134825.0,95.109,108.4,17489.852,399708.0,7.7,1.37,91.1038,15.87
2012-12-01,1.29941176470588,0.0,1.3186,77.02,0.16,1.78,0.25,72.9,231.725,93.514,231.221,98.3101,362000.0,135074.0,95.094,108.4,17489.852,401093.0,7.9,1.53,91.0834,18.02
2013-01-01,1.51227272727273,0.0,1.3584,76.22,0.14,2.02,0.27,73.8,232.229,93.703,231.679,98.3342,366000.0,135257.0,95.275,108.7,17662.4,404434.0,8.0,1.75,90.798,14.28
2013-02-01,1.5435,0.0,1.3079,76.5,0.15,1.89,0.25,77.6,232.569,93.805,232.937,98.7941,342000.0,135546.0,95.614,108.9,17662.4,409118.0,7.7,1.64,92.295,15.51
2013-03-01,1.3545,0.0,1.2816,77.4,0.14,1.87,0.25,78.6,232.794,93.891,232.282,99.1921,375000.0,135689.0,95.488,108.9,17662.4,406223.0,7.5,1.62,92.302,12.7
2013-04-01,1.19619047619048,0.0,1.3168,77.33,0.15,1.7,0.22,76.4,232.832,93.937,231.797,99.1065,331000.0,135873.0,95.391,108.7,17709.671,404231.0,7.6,1.48,91.3741,13.52
2013-05-01,1.29409090909091,0.0,1.2988,77.41,0.11,2.16,0.3,84.5,232.996,94.047,231.893,99.1839,353000.0,136096.0,95.461,108.6,17709.671,406677.0,7.5,1.86,93.6076,16.3
2013-06-01,1.5305,0.0,1.301,77.5,0.09,2.52,0.36,84.1,233.35,94.209,232.445,99.3897,340000.0,136279.0,95.673,109.0,17709.671,407921.0,7.5,2.16,94.3047,16.86
2013-07-01,1.56565217391304,0.0,1.3282,77.08,0.09,2.6,0.31,85.1,233.88,94.329,232.9,99.0814,334000.0,136391.0,95.792,109.2,17860.45,410268.0,7.3,2.29,93.5703,13.45
2013-08-01,1.735,0.0,1.3196,77.18,0.08,2.78,0.39,82.1,234.336,94.431,233.456,99.6543,325000.0,136646.0,95.934,109.3,17860.45,409691.0,7.2,2.39,94.7541,17.01
2013-09-01,1.88809523809524,0.0,1.3535,77.55,0.08,2.64,0.33,77.5,234.7,94.543,233.544,100.161,319000.0,136821.0,95.976,109.3,17860.45,410044.0,7.2,2.31,92.9207,16.6
2013-10-01,1.76217391304348,0.0,1.3594,77.46,0.09,2.57,0.31,73.2,234.921,94.703,233.669,100.082,347000.0,137041.0,96.103,109.5,18016.147,411399.0,7.2,2.26,92.731,13.75
2013-11-01,1.67714285714286,0.0,1.3606,77.39,0.08,2.75,0.28,75.1,235.359,94.86,234.1,100.3158,312000.0,137317.0,96.246,109.7,18016.147,412561.0,6.9,2.47,93.6291,13.7
2013-12-01,1.79777777777778,0.0,1.3779,77.67,0.09,3.04,0.38,82.5,235.759,94.961,234.719,100.5175,332000.0,137372.0,96.414,109.8,18016.147,414812.0,6.7,2.66,93.5576,13.72
2014-01-01,1.75590909090909,0.0,1.35,76.8,0.07,2.67,0.34,81.2,235.961,95.064,235.288,100.1599,340000.0,137561.0,96.614,110.1,17953.974,411561.0,6.6,2.33,95.1774,18.41
2014-02-01,1.5585,0.0,1.3806,77.04,0.07,2.66,0.33,81.6,236.185,95.109,235.547,100.9168,341000.0,137712.0,96.66,110.3,17953.974,416736.0,6.7,2.33,94.3879,14.0
2014-03-01,1.50857142857143,0.0,1.3777,77.76,0.08,2.73,0.44,80.0,236.625,95.25,236.028,101.8942,330000.0,137985.0,96.815,110.7,17953.974,421230.0,6.7,2.29,94.2432,13.88
2014-04-01,1.4565,0.0,1.387,77.88,0.09,2.67,0.42,84.1,237.072,95.413,236.468,101.9928,345000.0,138298.0,96.987,110.8,18185.911,425546.0,6.2,2.25,93.8896,13.41
2014-05-01,1.32714285714286,0.0,1.364,77.79,0.09,2.48,0.37,81.9,237.529,95.574,236.918,102.3836,312000.0,138513.0,97.147,111.0,18185.911,426253.0,6.3,2.11,93.7606,11.4
2014-06-01,1.26428571428571,-0.1,1.369,77.88,0.1,2.53,0.47,82.5,237.837,95.682,237.231,102.735,308000.0,138849.0,97.253,110.9,18185.911,427305.0,6.1,2.06,93.2058,11.57
2014-07-01,1.11434782608696,-0.1,1.339,77.37,0.09,2.58,0.53,81.8,238.195,95.848,237.498,102.9632,303000.0,139072.0,97.391,111.3,18406.941,428079.0,6.2,2.05,94.4467,16.95
2014-08-01,0.956190476190476,-0.1,1.315,77.46,0.09,2.35,0.48,82.5,238.405,95.885,237.46,102.7688,303000.0,139269.0,97.379,111.3,18406.941,431379.0,6.1,1.87,94.7251,11.98
2014-09-01,0.921363636363636,-0.2,1.2628,77.8,0.09,2.52,0.58,84.6,238.786,96.013,237.477,103.0641,290000.0,139563.0,97.413,111.1,18406.941,430189.0,5.9,1.94,97.5261,16.31
2014-10-01,0.790909090909091,-0.2,1.253,77.75,0.09,2.35,0.5,86.9,239.191,96.096,237.43,103.0764,291000.0,139798.0,97.384,111.3,18500.031,431903.0,5.7,1.85,98.1163,14.03
2014-11-01,0.719,-0.2,1.2438,77.61,0.09,2.18,0.47,88.8,239.458,96.181,236.983,103.7126,291000.0,140089.0,97.291,111.1,18500.031,433113.0,5.8,1.71,100.0719,13.33
2014-12-01,0.588947368421053,-0.2,1.2101,77.54,0.12,2.17,0.67,93.6,239.584,96.249,236.252,103.7044,285000.0,140364.0,97.12,110.8,18500.031,430110.0,5.6,1.5,102.2843,19.2
2015-01-01,0.39,-0.2,1.129,76.34,0.11,1.68,0.47,98.1,239.811,96.214,234.747,102.8905,281000.0,140568.0,96.654,110.1,18666.621,428186.0,5.7,1.21,105.5884,20.97
2015-02-01,0.302,-0.2,1.1197,76.81,0.11,2.0,0.63,95.4,240.172,96.324,235.342,102.2335,317000.0,140827.0,96.825,109.6,18666.621,427105.0,5.5,1.37,105.5981,13.34
2015-03-01,0.227272727272727,-0.2,1.0741,77.71,0.11,1.94,0.56,93.0,240.755,96.47,235.976,101.8914,269000.0,140923.0,97.008,109.8,18666.621,433620.0,5.4,1.38,107.4396,15.29
2015-04-01,0.122,-0.2,1.1162,78.04,0.12,2.05,0.58,95.9,241.346,96.648,236.222,101.3355,269000.0,141196.0,97.094,109.6,18782.243,434514.0,5.4,1.47,105.312,14.55
2015-05-01,0.55578947368421,-0.2,1.0994,78.26,0.12,2.12,0.61,90.7,241.688,96.766,237.001,100.8883,275000.0,141538.0,97.327,110.0,18782.243,437866.0,5.6,1.51,106.7388,13.84
2015-06-01,0.792727272727273,-0.2,1.1154,78.27,0.13,2.35,0.64,96.1,242.064,96.882,237.657,100.571,275000.0,141709.0,97.516,110.3,18782.243,437918.0,5.3,1.71,106.5191,18.23
2015-07-01,0.71,-0.2,1.1028,77.79,0.13,2.2,0.67,93.1,242.565,96.978,238.034,101.2228,269000.0,141991.0,97.605,110.5,18857.418,442012.0,5.2,1.53,108.7819,12.12
2015-08-01,0.608571428571429,-0.2,1.1194,77.79,0.14,2.21,0.74,91.9,242.817,97.056,238.033,101.0367,279000.0,142125.0,97.612,110.3,18857.418,441903.0,5.1,1.47,110.5621,28.43
2015-09-01,0.654090909090909,-0.2,1.1162,77.96,0.14,2.06,0.64,87.2,243.316,97.196,237.498,100.7547,272000.0,142275.0,97.477,109.9,18857.418,439795.0,5.0,1.42,111.3311,24.5
2015-10-01,0.518181818181818,-0.2,1.1042,78.05,0.12,2.16,0.75,90.0,243.768,97.228,237.733,100.2675,275000.0,142579.0,97.477,109.6,18892.206,438818.0,5.0,1.41,110.2079,15.07
2015-11-01,0.516190476190476,-0.2,1.0562,77.72,0.12,2.21,0.94,91.3,244.241,97.332,238.017,99.5298,265000.0,142808.0,97.538,109.7,18892.206,440363.0,5.1,1.27,112.34,16.13
2015-12-01,0.5455,-0.3,1.0859,77.73,0.24,2.27,1.06,92.6,244.547,97.396,237.761,99.0417,276000.0,143077.0,97.456,109.6,18892.206,442155.0,5.0,1.21,113.3429,18.21
2016-01-01,0.4305,-0.3,1.0832,76.58,0.34,1.94,0.76,92.0,244.955,97.567,237.652,99.5607,282000.0,143210.0,97.496,110.0,19001.69,439252.0,4.8,1.18,115.5731,20.2
2016-02-01,0.172857142857143,-0.3,1.0868,76.71,0.38,1.74,0.78,91.7,245.51,97.736,237.336,99.0445,269000.0,143406.0,97.445,109.7,19001.69,443208.0,4.9,0.96,114.2418,20.55
2016-03-01,0.171428571428571,-0.4,1.139,77.67,0.36,1.78,0.73,91.0,245.913,97.876,238.08,98.3096,271000.0,143662.0,97.673,109.7,19001.69,441814.0,5.0,1.05,109.9191,13.95
2016-04-01,0.134285714285714,-0.4,1.1441,77.84,0.37,1.83,0.77,89.0,246.551,98.117,238.992,98.6421,278000.0,143854.0,97.993,109.9,19062.709,444233.0,5.1,1.06,108.8274,15.7
2016-05-01,0.132857142857143,-0.4,1.1135,78.16,0.37,1.84,0.87,94.7,247.137,98.284,239.557,98.4184,263000.0,143900.0,98.153,110.1,19062.709,445441.0,4.8,0.97,112.4276,14.19
2016-06-01,-0.016818181818182,-0.4,1.1032,78.3,0.38,1.49,0.58,93.5,247.54,98.386,240.222,98.8833,262000.0,144147.0,98.325,110.6,19062.709,450407.0,4.9,0.91,112.1618,15.63
2016-07-01,-0.154285714285714,-0.4,1.1168,77.92,0.39,1.46,0.67,90.0,247.829,98.529,240.101,98.9992,266000.0,144520.0,98.342,110.5,19197.938,449745.0,4.8,0.79,111.874,11.87
2016-08-01,-0.131739130434783,-0.4,1.1146,77.97,0.4,1.58,0.8,89.8,248.423,98.703,240.545,98.85,261000.0,144661.0,98.479,110.3,19197.938,449923.0,4.9,0.78,112.4036,13.42
2016-09-01,-0.084090909090909,-0.4,1.1238,78.27,0.4,1.6,0.77,91.2,248.842,98.834,241.176,98.7457,247000.0,144967.0,98.666,110.6,19197.938,453210.0,5.0,0.83,112.2795,13.29
2016-10-01,0.002,-0.4,1.0962,78.45,0.4,1.84,0.86,87.2,249.142,98.961,241.741,98.7611,265000.0,145065.0,98.868,110.9,19304.352,453910.0,4.9,0.98,114.0188,17.06
2016-11-01,0.189090909090909,-0.4,1.0578,78.17,0.41,2.37,1.11,93.8,249.481,99.005,242.026,98.3491,255000.0,145183.0,98.901,111.1,19304.352,453727.0,4.7,1.26,117.7636,13.33
2016-12-01,0.251904761904762,-0.4,1.0552,78.58,0.54,2.45,1.2,98.2,249.92,99.12,242.637,99.0214,244000.0,145408.0,99.071,111.4,19304.352,459605.0,4.7,1.25,118.3466,14.04
2017-01-01,0.250909090909091,-0.4,1.0794,77.91,0.65,2.45,1.19,98.5,250.467,99.385,243.618,98.7611,241000.0,145628.0,99.451,111.9,19398.343,464228.0,4.7,1.26,116.2241,11.99
2017-02-01,0.258,-0.4,1.0618,78.21,0.66,2.36,1.22,96.3,250.998,99.561,244.006,98.3646,221000.0,145846.0,99.586,111.9,19398.343,464309.0,4.6,1.14,116.0032,12.92
2017-03-01,0.348260869565217,-0.4,1.0698,78.87,0.79,2.4,1.27,96.9,250.944,99.519,243.892,99.0137,236000.0,145970.0,99.535,112.1,19398.343,463589.0,4.4,1.13,114.7938,12.37
2017-04-01,0.225555555555556,-0.4,1.0895,79.31,0.9,2.29,1.28,97.0,251.227,99.723,244.193,100.0224,232000.0,146175.0,99.725,112.6,19506.949,465260.0,4.4,1.01,114.7877,10.82
2017-05-01,0.336363636363636,-0.4,1.1236,79.25,0.91,2.21,1.28,97.1,251.43,99.803,244.004,100.1408,253000.0,146380.0,99.682,112.5,19506.949,462759.0,4.4,0.93,113.2956,10.41
2017-06-01,0.25047619047619,-0.4,1.1411,79.32,1.04,2.31,1.38,95.0,251.746,99.937,244.163,100.3471,247000.0,146583.0,99.766,112.6,19506.949,465241.0,4.3,0.93,111.9896,11.18
2017-07-01,0.455714285714286,-0.4,1.1826,78.96,1.15,2.3,1.34,93.4,251.985,100.01,244.243,100.1068,245000.0,146772.0,99.803,112.7,19660.766,465157.0,4.3,0.96,109.8177,10.26
2017-08-01,0.346086956521739,-0.4,1.1894,79.17,1.16,2.12,1.33,96.8,252.535,100.118,245.183,99.6925,247000.0,146919.0,100.027,113.1,19660.766,466010.0,4.4,0.79,109.3686,10.59
2017-09-01,0.347142857142857,-0.4,1.1813,79.49,1.15,2.33,1.47,95.1,252.812,100.24,246.435,99.7954,260000.0,147008.0,100.4,113.5,19660.766,475658.0,4.3,0.86,110.0867,9.51
2017-10-01,0.3725,-0.4,1.1648,79.53,1.15,2.38,1.6,100.7,253.526,100.486,246.626,101.0247,241000.0,147149.0,100.531,113.9,19882.352,475945.0,4.2,0.78,111.8052,10.18
2017-11-01,0.308181818181818,-0.4,1.1898,79.36,1.16,2.42,1.78,98.5,253.816,100.535,247.284,101.2664,243000.0,147372.0,100.675,114.3,19882.352,481123.0,4.2,0.64,110.4648,11.28
2017-12-01,0.296842105263158,-0.4,1.2022,79.64,1.3,2.4,1.89,95.9,254.344,100.683,247.805,101.4644,248000.0,147523.0,100.821,114.4,19882.352,483576.0,4.1,0.51,110.0783,11.04
2018-01-01,0.474545454545455,-0.4,1.2428,78.92,1.41,2.72,2.14,95.7,255.204,101.007,248.859,101.4625,228000.0,147660.0,101.199,114.8,20044.077,481190.0,4.0,0.58,106.7696,13.54
2018-02-01,0.659,-0.4,1.2211,79.09,1.42,2.87,2.25,99.7,255.711,101.198,249.529,101.7085,216000.0,148054.0,101.416,115.1,20044.077,484223.0,4.1,0.62,108.3903,19.85
2018-03-01,0.52952380952381,-0.4,1.232,79.97,1.51,2.74,2.27,101.4,256.271,101.419,249.577,102.2067,232000.0,148280.0,101.524,115.3,20044.077,484447.0,4.0,0.47,107.4784,19.97
2018-04-01,0.48,-0.4,1.2074,80.29,1.69,2.95,2.49,98.8,256.63,101.602,250.227,103.3329,209000.0,148420.0,101.766,115.5,20150.476,484252.0,4.0,0.46,109.3363,15.93
2018-05-01,0.45,-0.4,1.167,80.79,1.7,2.83,2.4,98.0,257.145,101.78,250.792,102.4024,222000.0,148742.0,101.941,115.9,20150.476,492202.0,3.8,0.43,111.9894,15.43
2018-06-01,0.327142857142857,-0.4,1.1677,80.88,1.82,2.85,2.52,98.2,257.399,101.872,251.018,103.198,228000.0,148960.0,102.029,116.3,20150.476,490468.0,4.0,0.33,113.2586,16.09
2018-07-01,0.274545454545455,-0.4,1.1706,80.7,1.91,2.96,2.67,97.9,257.699,102.006,251.214,103.3646,207000.0,149020.0,102.137,116.4,20276.154,493382.0,3.8,0.29,112.7299,12.83
2018-08-01,0.290869565217391,-0.4,1.1596,80.82,1.91,2.86,2.62,96.2,257.891,102.016,251.663,104.0327,211000.0,149277.0,102.208,116.5,20276.154,493757.0,3.8,0.24,114.2755,12.86
2018-09-01,0.3705,-0.4,1.1622,81.14,1.95,3.05,2.81,100.1,258.368,102.205,252.182,104.1004,210000.0,149358.0,102.418,116.7,20276.154,491744.0,3.7,0.24,113.8077,12.12
2018-10-01,0.399090909090909,-0.4,1.1332,81.34,2.19,3.15,2.87,98.6,258.917,102.366,252.772,103.9856,216000.0,149527.0,102.595,117.5,20304.874,496568.0,3.8,0.28,116.5281,21.23
2018-11-01,0.314090909090909,-0.4,1.1323,80.89,2.2,3.01,2.8,97.5,259.439,102.556,252.594,104.0681,237000.0,149617.0,102.63,117.4,20304.874,499451.0,3.8,0.21,116.413,18.07
2018-12-01,0.187058823529412,-0.4,1.1456,80.85,2.27,2.69,2.48,98.3,260.063,102.735,252.767,104.0936,238000.0,149809.0,102.701,117.4,20304.874,489878.0,3.9,0.21,115.5674,25.42
2019-01-01,0.132727272727273,-0.4,1.1454,80.01,2.4,2.63,2.45,91.2,260.766,102.87,252.561,103.4021,234000.0,150060.0,102.648,117.0,20431.641,490789.0,4.0,0.18,113.5504,16.57
2019-02-01,0.0555,-0.4,1.1379,80.27,2.4,2.73,2.52,93.8,261.186,102.963,253.319,102.8371,221000.0,150067.0,102.836,117.2,20431.641,492328.0,3.8,0.21,114.1991,14.78
2019-03-01,0.010952380952381,-0.4,1.1228,81.09,2.41,2.41,2.27,98.4,261.567,103.058,254.277,102.8757,203000.0,150295.0,103.069,117.6,20431.641,499614.0,3.8,0.14,115.1371,13.71
2019-04-01,-0.0395,-0.4,1.1201,81.67,2.42,2.51,2.27,97.2,261.997,103.265,255.233,102.274,224000.0,150591.0,103.36,118.2,20602.275,499609.0,3.7,0.24,115.3281,13.12
2019-05-01,-0.134545454545455,-0.4,1.1149,81.78,2.39,2.14,1.95,100.0,262.217,103.371,255.296,102.392,222000.0,150618.0,103.435,118.3,20602.275,505356.0,3.6,0.19,116.7273,18.71
2019-06-01,-0.315263157894737,-0.4,1.1374,81.91,2.38,2.0,1.75,98.2,262.739,103.56,255.213,102.4375,226000.0,150838.0,103.484,118.2,20602.275,505681.0,3.6,0.25,114.5821,15.08
2019-07-01,-0.388260869565217,-0.4,1.113,81.52,2.4,2.02,1.89,98.4,263.28,103.678,255.802,101.9408,206000.0,150937.0,103.622,118.5,20843.322,509389.0,3.7,0.13,115.4946,16.12
2019-08-01,-0.649090909090909,-0.4,1.0989,81.64,2.13,1.5,1.5,89.8,263.877,103.797,256.036,102.639,215000.0,151169.0,103.67,118.6,20843.322,513222.0,3.6,0.0,118.1575,18.98
2019-09-01,-0.594761904761905,-0.5,1.0905,81.82,2.04,1.68,1.63,93.2,264.388,103.873,256.43,102.2917,215000.0,151365.0,103.733,118.3,20843.322,509503.0,3.5,0.05,117.9461,16.24
2019-10-01,-0.469545454545455,-0.5,1.1155,81.93,1.83,1.69,1.52,95.5,264.97,104.028,257.155,101.4281,215000.0,151460.0,103.917,118.8,20985.448,510902.0,3.6,0.17,115.9125,13.22
2019-11-01,-0.352380952380952,-0.5,1.1019,81.67,1.55,1.78,1.61,96.8,265.548,104.092,257.879,101.9372,231000.0,151667.0,104.024,118.6,20985.448,514649.0,3.6,0.17,117.1204,12.62
2019-12-01,-0.299444444444444,-0.5,1.1227,81.93,1.55,1.92,1.58,99.3,266.02,104.322,258.63,101.7003,231000.0,151794.0,104.307,119.0,20985.448,516273.0,3.6,0.34,114.669,13.78
2020-01-01,-0.313636363636364,-0.5,1.1082,81.1,1.55,1.51,1.33,99.8,266.716,104.507,259.127,101.0338,210000.0,152031.0,104.49,119.2,20709.212,515417.0,3.6,0.18,115.7345,18.84
2020-02-01,-0.466,-0.5,1.1001,81.25,1.58,1.13,0.86,101.0,267.37,104.711,259.25,101.3735,215000.0,152293.0,104.573,118.6,20709.212,515800.0,3.5,0.27,117.6568,40.11
2020-03-01,-0.541363636363636,-0.5,1.1016,81.69,0.65,0.7,0.23,89.1,267.054,104.632,258.076,97.4078,5946000.0,150895.0,104.271,118.0,20709.212,468632.0,4.4,0.47,122.5301,53.54
2020-04-01,-0.4495,-0.5,1.0934,81.93,0.05,0.64,0.2,71.8,265.746,104.293,256.032,84.5619,3446000.0,130426.0,103.838,116.6,19077.992,402157.0,14.8,0.44,122.327,34.15
2020-05-01,-0.5165,-0.5,1.1107,81.85,0.05,0.65,0.16,72.3,265.412,104.402,255.802,85.9604,1639000.0,133040.0,103.942,117.2,19077.992,480256.0,13.2,0.49,120.9458,27.51
2020-06-01,-0.434285714285714,-0.5,1.1237,82.13,0.08,0.66,0.16,78.1,265.849,104.565,257.042,91.5934,1446000.0,137671.0,104.27,117.5,19077.992,518998.0,11.0,0.5,120.4649,30.43
2020-07-01,-0.52304347826087,-0.5,1.1822,81.84,0.09,0.55,0.11,72.5,267.389,104.937,258.352,95.0256,1260000.0,139255.0,104.578,118.2,20558.879,526938.0,10.2,0.44,117.2082,24.46
2020-08-01,-0.523333333333333,-0.5,1.195,81.5,0.1,0.72,0.14,74.1,268.422,105.243,259.316,95.9549,881000.0,140821.0,104.87,118.4,20558.879,531019.0,8.4,0.58,115.7586,26.41
2020-09-01,-0.524090909090909,-0.5,1.1723,81.56,0.09,0.69,0.13,80.4,268.933,105.41,259.997,95.9669,795000.0,141770.0,105.057,118.8,20558.879,541241.0,7.8,0.56,116.946,26.37
2020-10-01,-0.607272727272727,-0.5,1.1647,81.71,0.09,0.88,0.14,81.8,269.306,105.507,260.319,96.7394,773000.0,142460.0,105.151,119.4,20791.917,539469.0,6.9,0.74,116.1354,38.02
2020-11-01,-0.614761904761905,-0.5,1.1948,81.43,0.09,0.84,0.16,76.9,269.981,105.605,260.911,97.0816,737000.0,142733.0,105.258,119.5,20791.917,534539.0,6.7,0.68,113.2256,20.57
2020-12-01,-0.6185,-0.5,1.223,81.7,0.09,0.93,0.13,80.7,270.341,105.896,262.045,98.363,773000.0,142548.0,105.699,120.0,20791.917,539422.0,6.7,0.8,111.3169,22.75
2021-01-01,-0.5835,-0.5,1.2135,81.84,0.09,1.11,0.11,79.0,270.387,106.168,262.687,98.8822,803000.0,142863.0,106.065,121.2,21106.619,559736.0,6.4,1.0,111.9511,33.09
2021-02-01,-0.4455,-0.5,1.2093,82.01,0.08,1.44,0.14,76.8,270.793,106.435,263.579,95.6149,704000.0,143380.0,106.441,122.0,21106.619,545417.0,6.2,1.3,112.8306,27.95
2021-03-01,-0.364782608695652,-0.5,1.1743,82.78,0.07,1.74,0.16,84.9,271.459,106.865,264.961,98.3856,658000.0,144232.0,107.019,122.8,21106.619,603580.0,6.1,1.58,113.8234,19.4
2021-04-01,-0.325,-0.5,1.203,83.25,0.07,1.65,0.16,88.3,273.66,107.493,266.614,98.5587,574000.0,144587.0,107.553,124.0,21474.077,609247.0,6.1,1.49,112.0839,18.61
2021-05-01,-0.2235,-0.5,1.2194,83.47,0.06,1.58,0.14,82.9,275.465,107.989,268.383,99.4333,427000.0,145065.0,108.069,125.3,21474.077,605589.0,5.8,1.44,110.7576,16.76
2021-06-01,-0.288636363636364,-0.5,1.1848,83.69,0.08,1.45,0.25,85.5,277.651,108.522,270.654,99.7987,368000.0,145820.0,108.668,126.2,21474.077,611711.0,5.9,1.2,112.5533,15.83
2021-07-01,-0.451363636363636,-0.5,1.1864,83.61,0.1,1.24,0.19,81.2,278.648,108.971,271.903,100.2519,379000.0,146762.0,109.162,127.486,21641.672,602014.0,5.4,1.05,112.6714,18.24
2021-08-01,-0.538636363636364,-0.5,1.18,83.9,0.09,1.3,0.2,70.3,278.997,109.34,272.676,100.0437,353000.0,147314.0,109.599,128.603,21641.672,605419.0,5.1,1.1,113.1076,16.48
2021-09-01,-0.362727272727273,-0.5,1.1577,84.3,0.08,1.52,0.28,72.8,279.698,109.548,273.91,98.8579,375000.0,147771.0,109.948,129.226,21641.672,610161.0,4.7,1.24,114.6403,23.14
2021-10-01,-0.204285714285714,-0.5,1.1552,85.02,0.08,1.55,0.48,71.7,281.668,110.119,276.55,100.1861,261000.0,148572.0,110.7,130.045,22001.64,619018.0,4.5,1.07,114.1349,16.26
2021-11-01,-0.313636363636364,-0.5,1.1287,85.4,0.08,1.43,0.52,67.4,283.406,110.671,278.919,100.8654,221000.0,149230.0,111.435,131.475,22001.64,625980.0,4.1,0.91,116.2071,27.19
2021-12-01,-0.384285714285714,-0.5,1.1318,85.76,0.08,1.52,0.73,70.6,285.18,111.28,280.845,100.5726,217000.0,149816.0,112.088,132.26,22001.64,621734.0,3.9,0.79,115.283,17.22
2022-01-01,-0.114761904761905,-0.5,1.1212,86.02,0.08,1.79,1.18,67.2,286.757,111.822,282.543,100.1856,231000.0,150006.0,112.678,133.529,21945.682,634120.0,4.0,0.61,115.566,24.83
2022-02-01,0.15,-0.5,1.1224,86.83,0.08,1.83,1.44,62.8,288.273,112.362,284.5,100.8064,208000.0,150825.0,113.37,134.771,21945.682,640815.0,3.9,0.39,115.2224,30.15
2022-03-01,0.281739130434783,-0.5,1.1093,88.94,0.2,2.32,2.28,59.4,289.056,112.807,287.674,101.3907,214000.0,151315.0,114.425,137.037,21945.682,652673.0,3.7,0.04,115.2218,20.56
2022-04-01,0.746315789473684,-0.5,1.0537,89.45,0.33,2.89,2.7,65.2,290.514,113.178,288.561,101.44,218000.0,151623.0,114.688,137.773,21976.292,661508.0,3.7,0.19,119.4933,33.4
2022-05-01,0.952727272727273,-0.5,1.0731,90.19,0.77,2.85,2.53,58.4,292.063,113.571,291.298,101.3335,199000.0,151924.0,115.401,139.013,21976.292,661325.0,3.6,0.32,118.0704,26.19
2022-06-01,1.445,-0.5,1.0469,90.92,1.21,2.98,2.92,50.0,294.05,114.273,294.957,101.018,212000.0,152358.0,116.512,140.273,21976.292,667984.0,3.6,0.06,120.9652,28.71
2022-07-01,1.08190476190476,0.0,1.0202,91.02,1.68,2.67,2.89,51.5,295.088,114.658,294.913,101.223,228000.0,153072.0,116.65,139.837,22124.384,659750.0,3.5,-0.22,121.7678,21.33
2022-08-01,1.03434782608696,0.0,1.0065,91.58,2.33,3.15,3.45,58.2,296.535,115.248,295.097,101.0963,210000.0,153362.0,116.924,139.755,22124.384,662999.0,3.6,-0.3,123.535,25.87
2022-09-01,1.79545454545455,0.75,0.9783,92.67,2.56,3.83,4.22,58.6,298.226,115.727,296.349,101.2918,190000.0,153582.0,117.307,140.2,22124.384,661072.0,3.5,-0.39,127.5148,31.62
2022-10-01,2.18666666666667,0.75,0.9885,94.05,3.08,4.1,4.51,59.9,299.399,116.186,298.007,101.2529,202000.0,153939.0,117.902,140.681,22272.546,666924.0,3.6,-0.41,127.6219,25.88
2022-11-01,2.06636363636364,1.5,1.0323,93.98,3.78,3.68,4.38,56.7,300.325,116.52,298.786,100.9552,209000.0,154242.0,118.221,141.16,22272.546,656410.0,3.6,-0.7,123.5175,20.58
2022-12-01,2.0852380952381,2.0,1.0698,93.65,4.1,3.88,4.41,59.8,301.394,116.923,298.832,99.7664,205000.0,154342.0,118.372,140.694,22272.546,648305.0,3.5,-0.53,121.4256,21.67
2023-01-01,2.19272727272727,2.0,1.0858,93.45,4.33,3.52,4.21,64.9,302.642,117.415,300.42,100.505,200000.0,154776.0,118.938,141.203,22456.938,674646.0,3.5,-0.69,118.9802,19.4
2023-02-01,2.3705,2.5,1.0602,94.21,4.57,3.92,4.81,66.9,304.123,117.825,301.45,100.6416,207000.0,155066.0,119.265,141.135,22456.938,664692.0,3.6,-0.89,121.3341,20.7
2023-03-01,2.38347826086957,3.0,1.0872,95.06,4.65,3.48,4.06,62.0,305.147,118.295,301.821,101.0205,234000.0,155134.0,119.564,140.736,22456.938,655146.0,3.5,-0.58,119.3602,18.7
2023-04-01,2.35944444444444,3.0,1.104,95.66,4.83,3.44,4.04,63.7,306.534,118.671,302.845,101.253,213000.0,155375.0,119.886,140.934,22577.556,658962.0,3.4,-0.6,119.2248,15.78
2023-05-01,2.34227272727273,3.25,1.0654,95.69,5.06,3.64,4.4,59.0,307.652,119.061,303.334,100.9286,229000.0,155655.0,120.129,140.614,22577.556,662303.0,3.6,-0.76,120.9662,17.94
2023-06-01,2.37636363636364,3.5,1.092,95.93,5.08,3.81,4.87,64.2,308.322,119.35,304.014,100.1196,236000.0,155880.0,120.41,140.698,22577.556,664476.0,3.6,-1.06,119.3606,13.59
2023-07-01,2.45666666666667,3.5,1.102,95.83,5.12,3.97,4.88,71.5,308.96,119.515,304.609,100.9067,238000.0,156043.0,120.571,141.485,22828.796,663391.0,3.5,-0.91,117.8241,13.63
2023-08-01,2.54565217391304,3.75,1.0839,96.35,5.33,4.09,4.85,69.4,309.58,119.662,306.082,100.8393,234000.0,156261.0,120.944,142.409,22828.796,667632.0,3.7,-0.76,120.225,13.57
2023-09-01,2.66142857142857,4.0,1.0584,96.67,5.33,4.59,5.03,67.8,310.539,120.053,307.276,101.0211,216000.0,156417.0,121.403,142.744,22828.796,671096.0,3.7,-0.44,122.3077,17.52
2023-10-01,2.82318181818182,4.0,1.0568,96.75,5.33,4.88,5.07,63.8,311.457,120.321,307.696,100.4689,217000.0,156576.0,121.557,142.249,23033.25,667815.0,3.9,-0.19,123.8364,18.14
2023-11-01,2.60136363636364,4.0,1.0908,96.21,5.33,4.37,4.73,61.3,312.392,120.525,308.148,100.8639,213000.0,156703.0,121.636,142.334,23033.25,666419.0,3.7,-0.36,120.2434,12.92
2023-12-01,2.10210526315789,4.0,1.1062,96.37,5.33,3.88,4.23,69.7,313.195,120.694,308.741,100.6031,200000.0,156857.0,121.76,142.165,23033.25,666963.0,3.8,-0.35,118.4208,12.45
2024-01-01,2.17454545454545,4.0,1.0855,96.03,5.33,3.99,4.27,79.0,314.319,121.201,309.698,99.2223,226000.0,157032.0,122.206,142.576,23115.975,660602.0,3.7,-0.28,120.4331,14.35
2024-02-01,2.3319047619,4.0,1.0807,96.63,5.33,4.25,4.64,76.9,315.564,121.57,310.967,100.285,212000.0,157238.0,122.613,143.356,23115.975,664621.0,3.9,-0.39,121.1824,13.4
2024-03-01,2.3495,4.0,1.0791,97.35,5.33,4.2,4.59,79.4,316.792,122.016,312.345,100.4575,223000.0,157466.0,123.093,143.521,23115.975,664328.0,3.9,-0.39,121.0191,13.01
2024-04-01,2.4457142857,4.0,1.0684,97.91,5.33,4.69,5.04,77.2,317.649,122.252,313.023,100.2434,207000.0,157530.0,123.289,144.197,23320.074,664858.0,3.9,-0.35,122.9853,15.65
2024-05-01,2.5195454545,4.0,1.0846,98.13,5.33,4.51,4.89,69.1,318.095,122.406,313.175,100.863,220000.0,157608.0,123.369,144.224,23320.074,667659.0,3.9,-0.38,122.098,12.92
2024-06-01,2.4845,3.75,1.0711,98.33,5.33,4.36,4.71,68.2,318.39,122.667,313.044,100.894,238000.0,157695.0,123.504,144.869,23320.074,666040.0,4.1,-0.35,124.2103,12.44
2024-07-01,2.4582608696,3.75,1.0823,98.3,5.33,4.09,4.29,66.4,318.94,122.872,313.569,99.9757,248000.0,157748.0,123.701,144.922,23501.76,673662.0,4.2,-0.2,123.6373,16.36
2024-08-01,2.2077272727,3.75,1.106,98.43,5.33,3.91,3.91,67.9,319.75,123.135,314.062,100.4309,227000.0,157757.0,123.891,145.409,23501.76,670668.0,4.2,0.0,122.3262,15.0
2024-09-01,2.1671428571,3.5,1.1145,98.34,5.13,3.81,3.66,70.1,320.732,123.462,314.732,99.8084,227000.0,157912.0,124.146,145.803,23501.76,676005.0,4.1,0.15,121.2864,16.73
2024-10-01,2.2295652174,3.25,1.0855,98.68,4.83,4.28,4.16,70.5,321.731,123.816,315.631,99.4695,219000.0,157945.0,124.482,146.294,23641.759,681808.0,4.1,0.12,124.7988,23.16
2024-11-01,2.3057142857,3.25,1.0547,98.36,4.64,4.18,4.13,71.8,322.657,123.989,316.528,99.2925,222000.0,158079.0,124.666,146.447,23641.759,685709.0,4.2,0.05,126.5798,13.51
2024-12-01,2.1788888889,3.0,1.0351,98.71,4.48,4.58,4.25,74.0,323.259,124.198,317.604,100.3273,212000.0,158316.0,124.984,147.052,23641.759,691794.0,4.1,0.33,129.2775,17.35
2025-01-01,2.4836363636,3.0,1.04,98.43,4.33,4.58,4.22,71.7,324.638,124.609,318.961,100.0647,212000.0,158268.0,125.423,147.975,23650.213,687058.0,4.0,0.36,128.4828,16.43
2025-02-01,2.4055,2.75,1.0402,98.85,4.33,4.24,3.99,64.7,325.465,125.002,319.679,101.0993,241000.0,158310.0,125.77,148.233,23650.213,683772.0,4.2,0.25,128.2805,19.63
2025-03-01,2.7414285714,2.5,1.0796,99.46,4.33,4.23,3.89,57.0,325.69,125.144,319.785,101.0404,220000.0,158377.0,125.869,148.055,23650.213,694750.0,4.2,0.34,126.7075,22.28
2025-04-01,2.5105,2.25,1.1349,100.02,4.33,4.17,3.6,52.2,326.467,125.524,320.302,101.1279,239000.0,158485.0,126.163,147.655,23884.563,695464.0,4.2,0.57,122.5921,24.7
2025-05-01,2.5628571429,2.25,1.1347,99.96,4.33,4.41,3.89,52.2,326.893,125.818,320.62,100.9655,244000.0,158498.0,126.408,148.153,23884.563,685488.0,4.3,0.52,121.7674,18.57
2025-06-01,2.519047619,2.0,1.177,100.26,4.33,4.24,3.72,60.7,327.658,126.133,321.435,101.4785,231000.0,158478.0,126.73,148.393,23884.563,691883.0,4.1,0.52,119.4088,16.73
2025-07-01,2.6313043478,2.0,1.1431,100.28,4.33,4.37,3.94,61.7,328.682,126.363,322.169,101.894,219000.0,158542.0,126.906,149.597,24112.966,698280.0,4.3,0.43,121.721,16.72
2025-08-01,2.6733333333,2.0,1.1695,100.42,4.33,4.23,3.59,58.2,329.7,126.646,323.291,101.6247,236000.0,158472.0,127.229,149.327,24112.966,700218.0,4.3,0.64,120.2082,15.36
2025-09-01,2.6931818182,2.0,1.1735,100.52,4.22,4.16,3.6,55.1,330.418,126.94,324.245,101.668,225000.0,158548.0,127.601,150.245,24112.966,701453.0,4.4,0.56,120.1368,16.28
2025-10-01,2.617826087,2.0,1.1541,100.73,4.09,4.11,3.6,53.6,330.418,127.165,324.245,101.2195,221000.0,158408.0,127.79,150.439,24125.479,700790.0,4.4,0.51,121.3859,17.44
2025-11-01,2.6575,2.0,1.16,100.44,3.88,4.02,3.47,51.0,331.043,127.363,325.063,101.0344,216000.0,158449.0,128.045,151.054,24125.479,705453.0,4.5,0.55,121.0527,16.35
2025-12-01,2.8142105263,2.0,1.1736,100.62,3.72,4.18,3.47,52.9,331.814,127.765,326.031,101.4941,203000.0,158432.0,128.455,151.592,24125.479,706264.0,4.4,0.71,119.7456,14.95
2026-01-01,2.8066666667,2.0,1.1885,100.04,3.64,4.26,3.52,56.4,332.793,128.27,326.588,101.0388,230000.0,158592.0,128.845,152.468,24274.383,701860.0,4.3,0.74,117.8996,17.44
2026-02-01,2.745,2.0,1.1822,100.7,3.64,3.97,3.38,56.6,333.512,128.701,327.46,101.9053,214000.0,158436.0,129.293,153.204,24274.383,707959.0,4.4,0.59,117.8223,19.86
2026-03-01,2.91,2.0,1.1518,101.98,3.64,4.3,3.79,53.3,334.165,129.03,330.293,101.7336,203000.0,158650.0,130.105,154.393,24274.383,719700.0,4.3,0.51,121.035,25.25
2026-04-01,3.001,2.0,1.1729,103.02,3.64,4.4,3.88,49.8,335.423,129.395,332.407,102.5783,190000.0,158798.0,130.672,156.061,24408.011,723921.0,4.3,0.52,118.671,16.89
2026-05-01,3.0465,2.0,1.1679,103.1,3.63,4.45,3.98,44.8,336.121,129.796,333.979,102.6396,225000.0,158861.0,131.241,156.864,24408.011,731415.0,4.3,0.47,118.8783,15.32
2026-06-01,2.96409090909091,2.25,1.1417,103.0,3.63,4.44,4.14,49.5,336.065,129.969,332.568,102.842,217000.0,158892.0,131.106,156.667,24408.011,732898.0,4.2,0.3,120.9248,16.45
2026-07-01,3.0704347826087,2.25,1.1519,103.22,3.63,4.75,4.28,55.2,336.789,130.133,332.813,103.0454,198000.0,158913.0,131.172,156.784,24408.011,729538.0,4.1,0.47,119.7034,15.99
2026-08-01,3.18,2.25,1.1617,103.66,3.63,4.75,4.34,51.7,337.765,130.455,334.131,103.0682,207000.0,159075.0,131.579,157.411,24408.011,737763.0,4.1,0.41,118.5679,14.92
2026-09-01,3.18,2.5,1.14,103.66,3.63,5.26,4.89,51.7,337.765,130.455,334.131,103.0682,197000.0,159075.0,131.579,157.411,24408.011,737763.0,4.1,0.41,120.33,16.04
2026-10-01,3.18,2.5,1.14,103.66,3.63,5.26,4.89,51.7,337.765,130.455,334.131,103.0682,197000.0,159075.0,131.579,157.411,24408.011,737763.0,4.1,0.41,120.33,16.04
