group,item,p_up,date,similar,hit,base,calls
CNY,Growth,0.5227272727272727,2026-10-01,34.0,58.4,55.2,125
CNY,Inflation,0.5581395348837209,2026-10-01,33.0,56.779661016949156,55.08474576271186,118
CNY,Labour,0.5217391304347826,2026-10-01,13.0,81.48148148148148,51.85185185185186,27
CNY,Liquidity,0.4,2026-10-01,35.0,54.47761194029851,51.49253731343284,134
CNY,Policy,0.3181818181818182,2026-10-01,34.0,56.666666666666664,67.5,120
CNY,Currency,0.5777777777777777,2026-10-01,35.0,52.0,51.2,125
EUR,Growth,0.5714285714285714,2026-10-01,32.0,64.75409836065575,53.278688524590166,122
EUR,Inflation,0.3333333333333333,2026-10-01,29.0,57.14285714285714,50.476190476190474,105
EUR,Labour,0.47619047619047616,2026-10-01,32.0,59.01639344262295,52.459016393442624,122
EUR,Liquidity,0.6,2026-10-01,35.0,74.07407407407408,50.37037037037037,135
EUR,Expectations,0.5,2026-10-01,36.0,51.515151515151516,50.75757575757576,132
EUR,Policy,0.32,2026-10-01,15.0,64.51612903225806,58.06451612903225,31
EUR,Currency,0.4666666666666667,2026-10-01,35.0,44.0,54.400000000000006,125
JPY,Growth,0.4883720930232558,2026-10-01,33.0,46.55172413793103,53.44827586206896,116
JPY,Inflation,0.45454545454545453,2026-10-01,23.0,65.15151515151516,54.54545454545454,66
JPY,Labour,0.16279069767441862,2026-10-01,33.0,78.04878048780488,55.28455284552846,123
JPY,Liquidity,0.7209302325581395,2026-10-01,33.0,70.49180327868852,55.73770491803278,122
JPY,Expectations,0.6,2026-10-01,35.0,51.11111111111111,64.44444444444444,135
JPY,Policy,0.6,2026-10-01,30.0,47.95918367346938,68.36734693877551,98
JPY,Currency,0.5217391304347826,2026-10-01,36.0,46.34146341463415,50.40650406504066,123
GBP,Growth,0.38219895287958117,2026-10-01,181.0,65.0,50.93023255813953,860
GBP,Inflation,0.30952380952380953,2026-10-01,74.0,55.8641975308642,55.24691358024691,324
GBP,Labour,0.5735294117647058,2026-10-01,126.0,67.1280276816609,50.86505190311419,578
GBP,Liquidity,0.28888888888888886,2026-10-01,35.0,69.40298507462687,52.23880597014925,134
GBP,Expectations,0.4782608695652174,2026-10-01,36.0,37.704918032786885,57.377049180327866,122
GBP,Policy,0.2,2026-10-01,15.0,100.0,70.96774193548387,31
GBP,Currency,0.4897959183673469,2026-10-01,39.0,46.808510638297875,51.77304964539007,141
USD,Growth,0.5581395348837209,2026-10-01,33.0,54.385964912280706,50.877192982456144,114
USD,Inflation,0.5238095238095238,2026-10-01,32.0,48.739495798319325,50.42016806722689,119
USD,Labour,0.2857142857142857,2026-10-01,32.0,51.4018691588785,64.48598130841121,107
USD,Liquidity,0.5238095238095238,2026-10-01,32.0,61.29032258064516,51.61290322580645,124
USD,Expectations,0.6818181818181818,2026-10-01,34.0,60.15625,60.15625,128
USD,Policy,0.275,2026-10-01,30.0,82.56880733944955,59.63302752293578,109
USD,Currency,0.5111111111111111,2026-10-01,35.0,51.53846153846153,50.76923076923077,130
PAIRS,EURUSD,0.4782608695652174,2026-10-01,36.0,45.23809523809524,50.79365079365079,126
PAIRS,GBPUSD,0.5555555555555556,2026-10-01,35.0,50.0,51.49253731343284,134
PAIRS,USDJPY,0.5111111111111111,2026-10-01,35.0,53.78787878787878,51.515151515151516,132
PAIRS,USDCNY,0.4222222222222222,2026-10-01,35.0,59.70149253731343,50.74626865671642,134
PAIRS,EURGBP,0.4666666666666667,2026-10-01,35.0,58.97435897435898,55.55555555555556,117
PAIRS,EURJPY,0.5333333333333333,2026-10-01,35.0,57.89473684210527,62.40601503759399,133
